0009C0EB46B4734DFFCEBFC7E297
000F8CC805394E05FFECCCE66FF6
000FFFFCA5D918ACFFE3C1D689BA
000FFFFFF547CA60FFE3BEAB835A
000FC9BB8BB1830BFFD9C2D911D1
0000000000000783FFE436F06000
000000102BF9DF64FFBB2F015FCF
000FFFFFFFFFFFFDFFCFA7C00000
000FFFFFFFF3B1D3FFD5B3C4E2D0
000000AA98957EE7FFCB38AA9895
000FFFFFFCEF4A38FFCBB1C42D72
000FFFFFFD169C06FFDFBBBA58FE
000FFFFFFFFFFFFFFFDBAD000000
000FFFFFFFFFFD81FFCAA91FC000
000FFE4FFF16412AFFB9B0580075
000FFFFFFF9152C2FFC1AB5D5A7C
00000005345CC977FFD83CA68B99
0000000478DE34A7FFE0408F1BC7
000FFFFF3EEE370BFFC1AFC111C9
000FFE32B632B825FFBFB366A4E7
00014AD56EECC74DFFC53A256AB7
00000000000003ACFFBB21EB0000
000FFFFFFFFEC769FFCEAE9C4B80
000FFFFB49705772FFEDC716D1F5
00000000000778AEFFDE37EF15C0
0000000000000000FFE800000000
0000000000000000FFD800000000
000FFFFF8688BFD5FFC5B172EE80
000FF3F7FDA110ABFFCCBB408026
000000005E09D3BBFFCD353C13A7
000FFC10F70EB124FFD2BD7BC23C
000000000000001EFFBE20F00000
00000000000003EDFFEE3B7B4000
0000A8AA81BCE961FFC338A8AA82
000FFFFFFFF7949DFFDBB686B630
0000000000E2FE33FFD535E2FE33
000000004B952EFFFFB82A972A5E
000FFCDA8C9BDB22FFEDCAC95CD9
00000C5E4FE671A0FFCE3C45E4FE
0000000000000000FFEB00000000
000FFFFFFFFFBD8BFFCDAD04EA00
000FFFFFFFFFFFFDFFDAAD400000
0000002CBA44A15EFFCB37B2E913
000FFFFFFFFFFFF2FFE5B3E00000
0000000000000007FFDE2FE00000
000FFFFFFFF8F135FFCEAFE1D960
000FFFFFE3B29318FFEDC4626B67
000FFFF69E13A92BFFD6BC161EC5
000000000016E2D8FFD232B716C0
00000000992BCD49FFE642192BCD
0000000000000000FFD100000000
000FFFFFC3964AD6FFB9AAF1A6D5
000FFFFFFFFFFE8CFFD8AFBA0000
000FFFFFF92723D5FFBBAA5B1B85
0000000001F40DE2FFC32D7A06F1
000FFFFFFFFFFF98FFEBB8500000
000000000000006CFFF33C580000
000010950360C11FFFF34F04A81B
00007AC97F4A37B3FFB9337592FF
0000000000000162FFC928310000
000FFFFFFE7FA32AFFEFC3402E6B
000FFFDDF7BB37C0FFC0B2082113
000FFFFF42F6FD65FFD1B7BD0903
000FFFFFFFADE852FFC4ACA42F5C
000072D8D5C5C1CBFFC438E5B1AC
000FFFFFF9C7BCFBFFD8B8C70861
000000000001F30FFFF03FF98780
000FFFFFFC094F7BFFC5AEFDAC21
0000000000000000FFE500000000
000F8C191A6ED3A0FFE1C767CDCB
000000000000FD05FFBE267D0500
000FFFFFFFFFCEA6FFEDBCC56800
0000000000000000FFC700000000
000000003870ECF1FFC32FE1C3B4
00000000164CA114FFE741326509
000F3149791E9B53FFF0CF4EB687
00085813D75DE090FFD6C3F4FD85
00000034A42A0F4CFFC6355290A8
000FFFFC69D1DA86FFC9B4E58B89
000FFFFFFFFFCCD4FFCEAD4CB000
00000000005005B1FFDC38A00B62
000FFFFFFFFFCE21FFE1B6C77C00
0004C45EE71D0A31FFC93D188BDD
00000000040F5945FFB92901EB29
000FD0B9CF2E2FE0FFE5C8BD18C3
00000003C1181779FFE643704606
000000001886C552FFD53844362B
000000004DBD36ACFFC02E9B7A6D
00018BD3402A6CB0FFDF4745E9A0
0000000000000D0BFFEC3B50B000
000FFFFFFF87A694FFCBB070B2D8
000FF82353C5D879FFF3CE7B9587
00000000312F5CA4FFB92AC4BD73
0000002415891EF1FFBD30905624
0000000001291912FFF244948C89
0000CB1D4E043253FFE549CB1D4E
000C37210B40B9FCFFC3B9F237BD
000FFFFC9AEABC8EFFC3B1D94551
000FFFFFFFFFE4DFFFCEACD90800
000000000191DE14FFE63EC8EF0A
000FFFFFFFFF6A2BFFCAAC15D500
0000C338157B3178FFC93BC33815
000FFFFFFFFFCF28FFDDB4C36000
0000191689CBBF92FFE246C8B44E
00000000000965B2FFE63C165B20
0000000000000000FFBC00000000
000000000000372DFFCB2BDCB400
000FFFFF8D1FB595FFC0AEE5C095
0000000000009364FFCD2D936400
00000000000052B3FFCB2C256600
000FFFF20E3530B9FFDDBFDF1CAD
000FE89E27CAFD31FFE9CA3B0EC2
0000017E5E345C11FFEE4ABF2F1A
000FFE065BF7F4CDFFC5B67CD204
0000000000000000FFB900000000
000FFFD8B0AD50E4FFC6B51D3D4B
000FFFF9D4B715B9FFF2C9C5691D
00000000000000CDFFD72ECD0000
0003B2178014721EFFBD36EC85E0
0000000000026944FFE73B9A5100
000FFFFFFFFFFFFFFFF1B8000000
000FFED1EAEB3369FFE1C4170A8A
0008DD57846142E4FFD4C2E4550F
0000000000000003FFB91CC00000
000000000004DC7DFFBC269B8FA0
000FFFFFFFFFFFE5FFDAAED80000
00000074208BF489FFF34C684118
000FFFFFFFFFFFFFFFE8B3800000
000FFFFFFFFFFFFAFFC8A4C00000
000FFFC83815A8E1FFE0C25F1FA9
000FFFFFFFFFFFFAFFD7AC400000
000FFFFFFE80D0B6FFE1BC3F97A5
00000000A56C19F2FFD93BA56C1A
0000000000000077FFC223EE0000
00000003E8EF5D97FFE8447A3BD7
000FD5A2B4997169FFD6C129752E
000FFFFFFFFDE6E8FFC3A9864600
000FFFFFFFFFF99DFFE7B84C6000
00007F08816E825BFFD3407E1103
000000000000A546FFC228254600
000FFFFFFFEA19D1FFECBFAF3178
0000000000000000FFD900000000
0000000000000000FFEA00000000
000FFFFFE058B160FFBCABFD3A75
000FFFFFF92D3633FFD0B4DA593A
000000000014A4B3FFD936252598
000FFFFFFFF04A79FFBBA6FB5870
0000000000000000FFEA00000000
000FFFFFFFFF84A8FFD4B0F6B000
000FFFFF2F178EE1FFE6C250E871
000FF0FB64BC6924FFBFB4F049B4
000FFC006B83184EFFCBB9FFE51F
000FF0C5909DF70EFFCCBB73A6F6
000000000000B65BFFC328B65B00
000FFEF2E054C53DFFE9C8068FD6
000000000182CB89FFF043C165C4
00000000000001A8FFC023D40000
0000000000000008FFD72C800000
000FFFC8FA3B93B8FFF1CADC1712
0000000003A67171FFCE33699C5C
000000003FA61038FFF146FE9841
000000000325DBE4FFCD32C976F9
00000000000DAA7BFFB8255AA7B0
0000032C745123BBFFBA314B1D14
000000000019CD43FFBF294E6A18
000FFFFFFFFFF1A0FFF3BEE60000
0000000000007A68FFCC2CF4D000
0000000000000000FFC000000000
0000001E531CA612FFEF497298E5
000FFFFFFFFFFF79FFE1B3870000
000097CF599E6B1FFFE64A17CF5A
0000000000000B5DFFEC3B35D000
000000022ABCCFEEFFDC3E0AAF34
00000000042CF2EDFFCE33859E5E
000FF41BD001EAB0FFDEC43E4300
0000000015A4902FFFEF452D2481
000FFFFFFEB80FE5FFD3B523F80E
000FFC414F97A9DDFFC3B5EFAC1A
00000710E81D4E35FFC537621D04
000FFFFFFFF879DBFFE0B8F0C4A0
000000000000003EFFE836780000
000FFFFFFFD39E30FFD7B5B18740
000FC317BA4FA210FFC7B9F3A117
000019C3C4BE1E5DFFDF454E1E26
0000000F09546348FFE945F09546
000000000006D299FFE43ADA5320
000000000000019CFFE3354E0000
0000000000000003FFED36C00000
000FE95BFA99F37AFFDDC435202B
000000000000A6E7FFDC3526E700
0000000000000005FFDF30200000
00011D5199CAD9C5FFBB350EA8CD
00000000007FD585FFC32C7FAB0A
00014A1097CAADE1FFD240A5084C
0000000000000000FFEA00000000
000FEC072CA9D20CFFC0B59FC69B
000FFFFFFFFE09A4FFBEA6FB2E00
0000000000000020FFD22B000000
000E4E01B548CF0AFFCABCD8FF25
0000D5A7F41735D8FFDC4555A7F4
000FFFFFFFFFFA1BFFBDA33CA000
000FFFFFFFF7596FFFBCA70A6910
0000000012CE0213FFBA2A967011
000FFB7789EFED37FFD3BE110EC2
000FFFFFFFFFFED0FFE3B5180000
000000000000001EFFD32B700000
0000009B248DAF7BFFCB389B248E
000FFFFFFFFFFFFAFFCFA8400000
00000000000000F7FFC324F70000
0000000000000789FFE637F12000
0000000000000003FFCB25C00000
000FFFFFFFEBF487FFC7AD205BC8
0000000000077FBDFFC42AEFF7A0
000001982C2473B0FFBC31CC1612
0000000000000171FFD32D388000
0000000000001CA1FFD32F650800
00000020D6D05E19FFB82E035B41
000E3D4E4EC65438FFDFC76158D9
000F7777A52E9CB1FFD7C288885B
000FFE3F2FF79532FFF3CD606804
000FFFFFFF9E7F9DFFE6BDC300C6
000FE08948F29469FFEDCC7BB5B8
000FFFFCC420DCDCFFD9BCCEF7C9
0000000000000001FFDB2D000000
000FFFFFFFFFF498FFBAA2368000
000FFFFFFFFFFE97FFDFB3348000
00000000000015B5FFD9322DA800
000AF99A94EDA2BDFFBBB620CCAD
000018B539916C60FFC73945A9CD
000000004A5FC4F2FFD93B14BF8A
000000000000000CFFC523C00000
000036B0658D575DFFCC3C5AC196
000000D77B350BDBFFF04B577B35
000FFFFFFFFFD9F9FFE8BA181C00
000FFFFFE21E97D1FFDCBBEF0B41
000FFFFE43C0FB02FFEEC6DE1F82
000FFFFFFFFFFF37FFF3BCC90000
00001F5CD7CCA06FFFEC4BFAE6BE
000FFFFDDA658A30FFBBAD89669D
000FFFFFCC75B71EFFD6B94E2924
0000000000102AECFFC12A015760
0000000000000A49FFBC23249000
000D271A83A90A0EFFF1D0B6395F
000FFFFFFFFFFFFFFFBE9E800000
00017EB045CBF1EFFFE047BF5823
000FFFFFFFF081A9FFE1B9F7E570
000FFFE7F12E46BFFFCAB6C0768E
00000000000000BBFFBC213B0000
0002643482A87596FFCD3E990D21
000FFFFFFFFFFFA7FFC9A7320000
0000007B408FCD5FFFE846F68120
000FFE2A81C93876FFE3C56ABF1B
0000004BF2313ECFFFF34C17E462
000FFFFFFE8D9257FFBBA93936D4
000FFFFFFFF39A4AFFC4AB465B60
000FFFFFFC5321DBFFF2C56B3789
000FFF63BFE63C8CFFC2B41C401A
0000009E8D91C4B4FFD63E1E8D92
000FFFFFFFFFF645FFDCB31BB000
00001AD00474D78BFFBC33D68024
000000004E6A4690FFDD3D1CD48D
000000000B4D3DFDFFE13DB4D3E0
000FE0418AE6A0DBFFE1C67DF3A9
000FFFFFFE767401FFDFBB44C600
000FFFFFFFFFFD2DFFE6B734C000
00000001AD417826FFD53A56A0BC
00000000479D88ABFFC5310F3B11
000FFFFFFFE7CD05FFD3B34197D8
00000000020AE217FFD23502B886
0000000000000006FFCC26C00000
0000000003053340FFDB39C14CD0
0000000000000005FFE231A00000
000FFFFFFFFFFFFFFFEEB6800000
0000000000001913FFF33F489800
00000000005458EBFFD13328B1D6
000160D0EA8E7E4EFFEE4EB06875
000FFFFFFFFFFFF7FFF3BA900000
000FFFFF3795EC91FFB8AB486A13
000FFFFFFFD0E746FFBAA73C62E8
00001F76A7977B52FFD640FBB53D
000FFFFFFFFD45D9FFD1B0AE89C0
000FFFFFFFFFFFE6FFD6ACD00000
000836C45F2502E9FFB7B4792774
0000000000000000FFB800000000
0000000000000141FFD32D208000
000FFFFFFF3E67F3FFD7B6C1980D
000000000007C2C8FFDB36785900
0000000000000019FFC926480000
000DBE0725D504E5FFE9CC907E37
000FBCBF9696201CFFCEBD8680D3
000000003BC18353FFBB2BEF060D
000FFFFFFFFF706BFFC1A78F9500
000FFFF6239F4E6BFFBEB01DC60B
000000000000000AFFCF28A00000
000FEEDA21F2C4DBFFC3B7092EF0
000FFFFFFFFFFC9DFFE5B6D8C000
00000000000C2416FFEF40C24160
0000000000000001FFDB2D000000
000FFFFF9BAF266CFFD1B748A1B3
000FFFFFFFFFFFF3FFBC9F500000
000000000000321AFFD631486800
000000000000E281FFCD2DE28100
000623098A6D2310FFE54B446131
00000B13FC08FABAFFC939B13FC1
000FFFFFFFFFF125FFCDABEDB000
000FFFFFFFFFE099FFD1AE7B3800
00000000000003CCFFC526F30000
0000000000000005FFC925200000
000000000000000CFFD62C400000
000FFA6B528AD891FFC6B7B295AF
0000000000000032FFD52CC80000
00000000000000AEFFF23C2E0000
0000000000000025FFC826140000
0000000000000000FFEB00000000
000FFFFFFFFFF266FFE0B559A000
00000000001DF658FFD9366FB2C0
00000000000268EDFFBD269A3B40
000FFFFF552F4E55FFB7AAAAD0B2
000000000000000FFFC322F00000
000FFEC1A6383CFEFFD5BE1F2CE4
000FFFFFFFFFFFFEFFCAA5000000
000FFFFFFFFFFFF3FFD9ADD00000
000FFFFFFFFFF9A7FFEFBC4B2000
0000000000001503FFEC3BA81800
00000035679F98D4FFB72DD59E7E
0000000000000000FFDF00000000
000FFFFFFFFF904AFFBBA45F6C00
0000000000000000FFB700000000
000FFA2F4BA05061FFC2B5BA168C
000FFFFFFFFFF256FFB9A1DAA000
000FFFFFFF9BB0D3FFD1B3489E5A
0000000000000003FFC924C00000
000FC12C6B3B3C29FFEFCDFB4E53
000000000008755AFFE33A8755A0
0000000001A387B3FFF043D1C3DA
0000000012416F08FFBF2D120B78
000FFFFFFFF975A3FFEABDD14BA0
000FFFFFFFFFFFFFFFE2B0800000
000FF667E061466EFFBEB41981FA
000073D406A5EE06FFDB4467A80D
0000000000000000FFED00000000
000FFF8C5B9DD052FFD0BAE748C4
000FFFFFFFFF4CB7FFC2A8334900
000FFFFF29F090FCFFD7BAD60F6F
0000000000000000FFD100000000
000000000000065BFFD7304B6000
000000003EBE929AFFD538FAFA4A
000FBBF9D3AFB86EFFD0BE880C59
000FFFFFFFFFFF85FFB99F760000
0000000000000000FFEB00000000
000FFFFFFFFFB085FFE8BA9EF600
000000006DF15B1CFFDC3CDBE2B6
000000010639C207FFDA3C831CE1
0000000000000000FFE900000000
0000001249F5027FFFF14A124FA8
00000000000004C9FFDE33992000
000FFF993D8C0C47FFBEB1CD84E8
000000000001E0D7FFC92C706B80
000FFFFFFFFFFFF7FFB99D900000
000FFFFFFFFFFFCEFFC9A6C80000
000F8E6B2B627C44FFE7CA6329A9
000000000C0BA815FFD135C0BA81
00000000CF45801DFFF147CF4580
000FFFFFFFFF8A6DFFEABBEB2600
000FFFF655420EBFFFBDAF9AABDF
000000018903798EFFC833C481BD
000FFFFFFFF2967BFFC7ACD69850
000064D18196E1C9FFE046C9A303
000FFE455029D400FFEAC8DD57EB
000FFE30F727E810FFEDCA67846C
00000006C4EBB6F0FFEA45D89D77
000FFFFFE263E8F7FFBCABECE0B8
000CB56FE093BAE8FFE7CBD2A408
000F9D2A8EEDDC20FFC5B945AAE2
000000000DF190F5FFC6305F190F
000000000000000BFFBE20300000
0000000000000043FFE535060000
0000000000000847FFC025047000
000FFFFEA0E8F841FFDBBD2F8B84
000FFFFFF546914BFFEFC4AB96EB
0000000000000642FFCE2BC84000
0000000000000007FFB71C600000
00000000007113D8FFBE29E227B0
000000548F914EE6FFDF42291F23
000FFFFFFFFFFE6FFFB79F488000
000FFFFFFFB51350FFDBB815D960
000000000003D920FFC028764800
000FFFFFFFEF9455FFD3B3035D58
000000012E7C354EFFCD36173E1B
000000000000003FFFBB1FFC0000
000FFFFFFFFFF32EFFE0B54D2000
00004BACEF34678DFFE4489759DE
000000000002F1BBFFD532BC6EC0
0000000000000000FFF100000000
0000FE70DA390908FFDA447E70DA
00000017E5B79D88FFCE38BF2DBD
00000000001DEADEFFB9266F56F0
000FFFFFFFFFFFEFFFD9AE080000
000000000000000DFFE031500000
000FF5C8861EEA83FFEDCBA3779E
00000000000000ACFFD72EAC0000
000FFFFFFFFFF1ECFFD9B1E14000
000EC62EABD9AA78FFE7CB1CE8AA
0000000000000043FFBC20860000
000FFFFFFFFFFFDDFFD2AB0C0000
0000000000000000FFCB00000000
000000000659813AFFE9414B3027
000C7CCF4129D615FFE0C860CC30
0000000000005E2CFFDF363C5800
000FFFFF3521D3B4FFCEB64ADE2C
00000002CD16EEE2FFE8443345BC
0000000000029B6AFFE53AA6DA80
000FFE7BF6251DEAFFC2B4C204ED
000218C44F256A10FFF251063114
0000000000000012FFE835900000
000FFE5610DDEC88FFBAB0D4F791
000FFFFFBC0BB51EFFC8B287E896
00001D0EBFA31A2DFFCA3AE875FD
000FFFFFFFFEC13FFFDEB69F6080
000000000002BD10FFEE3F2F4400
00000000000002F0FFBF23BC0000
000FFFFFFFFFFFFDFFC0A0400000
000ED026ED5D2C53FFEBCD17EC89
0001970CE473E54CFFF1504B8672
000FFFFFB39CA997FFDBBC18C6AD
000FFFFF1AC5DB79FFE5C1E53A25
0000000E3F8D0364FFEE4863F8D0
000FFFFFFFFFFAB2FFDAB1A9C000
000FFFFFFFF1938BFFD4B366C750
000FFFFFF0016240FFD1B5FFE9DC
000FEF949B820B0AFFBCB3835B24
000FFED2F9E24934FFD8BF96830F
000FFFFEF9A380B2FFE8C3832E40
000139E65B780145FFBF371CF32E
00000000000008C5FFD12D8C5000
000000081436CFD5FFD03901436D
000052D21232047FFFBE35A5A424
000FFFFFFFFEF6A1FFF1C004AF80
000FFFFFF33BA88CFFDFBCCC4577
000FD59CDEC085ECFFDFC5A98C85
000FFFFFF975860CFFD6B7D14F3E
000FFFFFFFFFE8FAFFE8B9B83000
0005C39B1A7212B6FFE149387363
00000001C817F288FFEE46E40BF9
000000D32B89F3B7FFD03B532B8A
0000000000000025FFCD28940000
000000022806CF4CFFE2410A01B4
000FFFFAC303BF8DFFD5BB279F88
000008851B13E620FFE4470851B1
0000000000000000FFE700000000
000FFFFFFFFFFF9CFFDCB0C80000
00001CDB6AAA19F8FFD74166DB55
0001E8406AD2BC7FFFC53A742035
000FFFFFFFFFFF97FFE6B5D20000
000FFFFFC5A3B6A4FFBDACE97125
000FFFFFFC3AA83CFFD3B5F155F1
0000011BFAA65DD7FFC7370DFD53
000FFFFFFFFFF19DFFCDABE63000
0000000000032E14FFEF3FCB8500
00000000002845A9FFEA3F2116A4
000FFFFFFFFE25A6FFBBA56D2D00
000FFFFFFFFE687BFFEBBD4BC280
000000171B466109FFE845B8DA33
000FFC2AD63D27BBFFDDC2F54A71
000000D17FCE5176FFBA30517FCE
000F6065FF0DE200FFE8CB1F9A01
000FF62A3288A072FFDCC31D5CD7
000FFFFFFFD36C5DFFE0BA324E8C
000FFFFFFE8DD8F2FFEEC2B91387
0000000000005D17FFE036BA2E00
000FFFFFFFED891FFFBAA693B708
0000000000F3FC3BFFC72EF3FC3B
000FFFFFC3B4576BFFC3AFF12EA2
00000001AADD9251FFDE3ED56EC9
000FFF140A9349FEFFBAB06BF56D
000FFFFFFFFFFFE6FFF2BAD00000
0000000041A7E161FFE641834FC3
00000000000041ABFFB923035600
000FFFFFFFFFFFD6FFEDB8A80000
000FFFFFFFFFF1E2FFE2B661E000
000FFFFFFFFFFFF9FFCDA7600000
000FFFFFFFE0F42FFFE1BA785E88
000967CB97BE1184FFC0B8D3068D
000FFFFFFFFF19B2FFC7AAE64E00
00000008AEBBA429FFC4330AEBBA
000172D9C8C08F25FFD944396CE4
000001E8BDEA5EECFFE445F45EF5
00000001285EC287FFED46142F61
000FFFFFFB222890FFC5AF1BBAEE
00005D152DD97127FFC639BA2A5C
000FFFF12B54EF07FFC2B26D4AB1
000CE4CAA99FC872FFF2D146CD56
000000000F55EC4EFFE740F55EC5
0000000000001D91FFC3276C8800
000FF80ABC7DE6B4FFE1C57EA870
00000000000012E7FFBC23973800
000FFFFFFFFFFFFBFFEAB5A00000
000FFFE036D848FCFFC2B2FE493E
000000000B8DEF2EFFF346B8DEF3
000FFFFFFFFFFFF9FFC9A5600000
00063B0265C93288FFE34A47604D
000001D2F8C33031FFD63EE97C62
000FFFFFC5E4F00BFFBAAB686C40
000FF1ACEE6F7470FFF3CEE53119
000FFFD53F689BB8FFE0C22B025E
000FFFFFFFF41FFDFFD0B13E0030
0000000000F04A3CFFE13BF04A3C
000FFFFFFFFF76FAFFD5B1890600
000F75741D178257FFC4B90A8BE3
0000000000000000FFD900000000
00000000000014F2FFEE3CA79000
000FFFD026248A5AFFF3CBBF676E
00000000000182AAFFDF37415500
000718BC4C2A0812FFCD3F63178A
000FFFFFFFFFB77EFFD7B2110400
00000008307F915DFFEB468307F9
0000000000000000FFCF00000000
000FF41B24A084AAFFDAC23E4DB6
000000006434A645FFEE45C8694D
000000CC99CB6630FFED49CC99CB
000000003964BD3DFFEC446592F5
00000000056C9391FFD436AD9272
0000708AF3D50635FFBE35E115E8
00000000000009AEFFBF249AE000
0000000000000954FFEF3C954000
000000000000001AFFCD28500000
000FFFFFFF86AA7EFFD4B4F2AB04
000FFFFFFFFFFF9AFFC6A5CC0000
00000140D0AB8A69FFCB39206856
000FFFFFEBFEA7F0FFD5B8200AC0
000FC96D7234B5DEFFE8CA5A4A37
000FFFFCEA539B06FFC9B4C56B19
00000000000000ECFFE6366C0000
000FFFFFFF3BEBFCFFB9A7C41404
000000001FA351D1FFD7397D1A8F
00000579F1196246FFE9492F3E23
000FFFFF54B2320EFFCEB62B4DCE
000FFFFFFF73CB44FFC1AB8C34BC
000FFF6E19FCAA12FFC7B691E603
000FFFFFFFFFFFD7FFDCB0240000
000FFFEAB2526C48FFD4BBAA6D6D
000FFFFFFFFF379CFFD1AFC86400
0000000000001A97FFBD2454B800
000000001E94DED8FFD236F4A6F7
0000000007F98AB6FFEC42FF3157
000EEC7E514BBD0EFFDDC609C0D7
0000000215A014FDFFBC2E056805
000FFFFFF7714C01FFBFAC88EB40
000699B6EADDE6FCFFD643D336DD
0008A6432579DACFFFC0B8EB379B
00000B5CAAB8D864FFE04535CAAC
0000000000000000FFDB00000000
000FFFFFFFE9995AFFE8BDB33530
000FF4FB15C646F3FFC5B7B04EA4
00000000039438FAFFE33DE50E3E
0000000000000033FFE534CC0000
00000000014D4255FFC72F26A12A
000000000780E86FFFC42EF01D0E
000FFFFFFFFFFFE8FFDDB0400000
000FFF726C846B05FFD7BE8D937C
000FFFFFFFFFFFFAFFD2A9C00000
000000000000023DFFBC220F4000
000FFFFFFFFFFFE2FFE9B6700000
000FFFFFFFFFDA05FFCCAC17EC00
0000B1A19E8A7173FFBB34B1A19F
00000000002DE878FFF343B7A1E0
000000019534520EFFE441CA9A29
0000000000000007FFEF38600000
00001F3850F302CFFFD43FF9C288
000FFC4D4CFE7AF2FFE6C76CACC0
00000000001D7CDEFFD5346BE6F0
0002FB4CD76C3A13FFBD36BED336
000006F96A0D25B2FFDD435F2D42
000FFFFFFFFFE640FFE4B7CE0000
0000000000346C34FFC42C51B0D0
000FFF477CC2361FFFD4BD38833E
000C48789112E818FFC2B96DE1DC
000FFFFFFFFC56EAFFD5B2EA4580
0000000742B394EFFFF249E85673
000FFFFFFFE7DBB7FFECBFC12248
00000000002A88DEFFC12AAA2378
000FFFFFFFFFC36EFFBAA3724800
000FFFFFFB70ABC8FFCDB311EA87
0000000000000003FFBC1E400000
0000000000000061FFD52D420000
000FFFFFFFFFFFF7FFBFA0900000
000EA690497FA512FFEBCD2CB7DB
000000000000B888FFF340B88800
000FFFFFFFFFCA25FFCAAB576C00
0000000005F52E64FFDD3B3EA5CC
0000000000000002FFF038000000
0000000000000000FFD800000000
00000000014BC511FFD033A5E288
0000522CD60152FCFFF14F2459AC
0000000000000130FFCD2A180000
0000000000163F17FFCC2FB1F8B8
000FFFB0EBFE9A99FFDABF9E2803
0000000000000000FFE300000000
0000000000000003FFC422400000
000FFFFFF7770825FFE9C1888F7E
000FFFFFFFFFC107FFBDA4FBE400
000FFFFFFFFECB0AFFC5AA1A7B00
000FFFFFFFE274EDFFCAAEEC5898
000FFFFFFFFFFFEDFFDCAF980000
00000000532B090AFFCB34265612
000FFFFFFFBA4838FFBAA78B6F90
0000050DC692A063FFC436A1B8D2
0000000000000002FFBE1F000000
000FCB29DB5E927AFFD2BF535893
000000000000001CFFEA36E00000
000FFFFFE76A42FAFFDFBD44ADE8
000FFFFFFFFFFE6BFFD1AC4A8000
000FD0DA61E96D94FFC6B93C9678
000000000047A419FFCB300F4832
000FFFFFFFEE0636FFCCAF8FCE50
0000000000007258FFC72A64B000
000FFFFFFCC1DC16FFE1BCCF88FA
000FFFFFFFFFC079FFB8A27E1C00
0000000000000C58FFD52FC58000
000C1688AA5A7521FFEACD7A5DD5
000FFFFFFFFFFFFDFFECB6400000
000FF9E6AFEB0B91FFE8C8C32A03
000FFD07264D2066FFE9C8BE366D
0000000000BF518FFFBE2A3F518F
000FF660FC9D4B8AFFBFB499F036
000000000001CCC3FFD733666180
00000000000031DEFFD430477800
000FFFFF8F7C506EFFEFC661075F
0000000003236ECAFFEE4348DBB2
0000000000000001FFC723000000
000FFFFFFFD8EE0CFFD4B41C47D0
000FFFFFFFFFFFFFFFE5B2000000
000000000008868AFFF0410868A0
000000000000B2AAFFC529B2AA00
0000000000000001FFC01F800000
0000075E6EA1E840FFE647EBCDD4
000FFFFFACE143BBFFCDB5263D79
0000000000027663FFF1409D98C0
000FFFFFFDD8CF19FFEAC109CC3A
0000000000001CFCFFDA32E7E000
000FFF617439F31EFFE8C71E8BC6
000FFFFFFF8BD81BFFF0C2E84FCA
0000000005424C69FFBD2B28498D
0000308E07BD724DFFDE4542381F
000FFFFFFFFF04DFFFDBB4FB2100
000FFFFBD6D8DB9AFFC7B40524E5
000FFFB90D4813FFFFC6B58DE570
000FFFFE2CB7C194FFCEB6E9A41F
00000D3CB615F73AFFE748D3CB61
000FC5C59DEAB083FFBDB4E8E988
000FFFFFFFFFFFB7FFDDB1120000
0000000000000001FFF037800000
000037D114DB63E4FFF14EDF4453
000FFFFFFFFFFFFCFFBA9D800000
000FFFFFFFFFFFE1FFC0A1F80000
000FFFFFFFFFFCABFFF3BDD54000
000FFFFFFFFFCA6EFFC6A9564800
000FFFFFFFFB0C91FFDFB81E6DE0
000000000006EA2AFFC92D5D4540
000FFFFFFFFCDB2AFFECBE493580
000FF9CEDBBCFE38FFE5C7462488
000C72D62EE9EAAEFFC3B9E34A74
0000000003447F97FFDF3BD11FE6
000017B2CFB90331FFCE3CBD967E
000FFF5C445CA921FFC4B523BBA3
000000000002C191FFD834306440
000015C6E0415B78FFF14E2E3702
00000001FDF80E2AFFB72B7EFC07
000FFFFFFFFFFD32FFDFB3B38000
000000000072CA93FFC52D659526
00000000006CC735FFC12B598E6A
00000039B42DAD2CFFEE4966D0B7
0000000000000106FFCA28830000
000000000001B2E2FFD632D97100
0000000000000001FFC924000000
0001836AEF733531FFD54241B578
0000000000000001FFC01F800000
0000000000000149FFCA28A48000
000FFFFFFFFFF4A6FFECBB35A000
0000000000000000FFC700000000
000FFFF30EC2587BFFD3BACF13DA
00000000042E1694FFE33E05C2D2
0000000002FA0779FFBA293E81DE
000000000001525DFFC82BA92E80
000FFFFFFFFFFFC1FFCCA87C0000
000FFFFFFFFFFFFFFFC9A4000000
000FCFBCB7A63A03FFEACB410D21
0000000257D5A45CFFE34195F569
00000000001F2171FFF343790B88
00000007C86DEE54FFED47790DBE
000FFFFFFFFFFFFDFFB89C400000
0000000C55B715E7FFE242455B71
000000007FBF8E41FFC7327F7F1D
00005B9398A98B28FFE74A372731
000FFFFFFFB67F77FFD8B6930112
0009719C94C04015FFE2C9D1CC6D
000FFFFFFFFFFFD5FFD6AD2C0000
000FFE8A64B32A3DFFD0BBBACDA6
00000000003E3FA0FFE63D78FE80
000FFFFFFFFFFFF8FFE7B4800000
000FFFE537A8E857FFBEB0D642B9
000FFF1D3AA1A1CDFFC4B562C55E
000FFFF5B1BB7A0CFFB7ACA4E448
00000000000001E7FFB920738000
000FF183FAC16E92FFD1BDE7C054
00000000000FA286FFC72CFA2860
0000000000024985FFE339926140
000CED07F4B35901FFD6C344BE03
0000453E8A895E2FFFEE4D8A7D15
00000000000000DBFFEB38DB0000
000FFFFFFFFFFF04FFD9AFFC0000
0000E1242A7CA7C1FFCB3CE1242A
000D66CAC33F712DFFEECF264D4F
000000000000000DFFD42B500000
000000000B1EAD21FFBF2CB1EAD2
0000000000000000FFF100000000
000FFFFFF9874AFDFFC0ACCF16A0
00000000000000EAFFEE3A6A0000
000FFFF50A93B0B3FFC0B12F56C5
0000000000000001FFE02F800000
000FFFFFFFD1022DFFEBBFBBF74C
000F4C21EE8378DCFFC8BB33DE11
000FFFFFFFFFFFF7FFDFB0900000
000000000000002DFFF33BB40000
0000066E53B2C684FFE5474DCA76
00000000000B2CB8FFCD2FB2CB80
000FFDA0528703B5FFD8C017EB5E
0006178310E88AB5FFBE37C2F062
000FFFFFFFFFFBDAFFC8A884C000
00000012413F7A53FFB82D9209FC
000FFFF8A77C5EAAFFD1B96B1074
000FFC9A2C552A3DFFD4BE5974EB
000FFFFFFDA54724FFC5AE96AE37
000FFFFCE3CF86ECFFE2C1470C1E
000CD34334EAD89AFFE2C94B2F33
000FFFFFFFFFFB11FFE3B61DE000
000FF8EEEDFE4217FFE7C8622240
000FFFFFFFCEC411FFF0C244EFBC
0000000000000010FFCF29000000
0000000000000016FFDB2F300000
000FFFFFFFFFFDD5FFF3BD8AC000
0000000000000AFCFFD931AFC000
000FF3FDB078773DFFDFC4C024F8
00000611AFEF2FD6FFE245C235FE
000FFFFFFE52318DFFE6BED6E73A
0000000000000FCDFFEA3A7CD000
0000004CAFECE52CFFF24B995FDA
0000000000000001FFF037800000
000FFFFFFFFE7877FFD2B0C3C480
000080F02DF284C0FFE34880F02E
0000000000000005FFEA35A00000
00000000000040DAFFD22F81B400
0000000047610EA9FFE3400EC21D
000000000000014DFFC023A68000
000FFFFFFFFFAB21FFCBAC29BE00
0000000000000044FFEC38880000
000FFA24A526A37DFFBEB3BB6B5B
00000000000014C9FFD630A64800
000FFFFFFFA9BEB0FFE2BBAC82A0
000000000002CAFBFFCD2EB2BEC0
000FB2FE7CC583B5FFBBB41A0306
0000000005E2FA1CFFE53F3C5F44
000FFFFFFFFFFF8DFFEBB8660000
00000000000071ABFFDD35635600
00000E49059F00E8FFCD3BE4905A
000000000A1AA5C2FFBA2A21AA5C
000000000000018DFFE033C68000
000FFFFFFFE2599CFFE5BC6D3320
000FFFFFF9CF1FD3FFEFC4461C06
000FFFFFFFFFFFFDFFF3B9C00000
00000001DBD66554FFC632EDEB33
00000000007F32E2FFD7367E65C4
0000997FAC943B7EFFE74A997FAD
0000000005E9E80CFFC9313D3D02
000000000008A921FFF1418A9210
000FFFFFFFFFC0E5FFD5B0FC6C00
000FFFFFFFFE00B7FFC1A87FA480
000FFFFFFFFFFFF7FFE2B2100000
000FFFFFFFFFC856FFE0B65EA800
000FFFFFFFFFDE18FFEABB07A000
000000000EA2F981FFBE2C6A2F98
0000000000001FE8FFCA2AFF4000
000FFFFF9082B8D2FFCEB5DEFA8E
000FFFFE74D9AFBFFFB8ABC59328
0000000000001BC4FFBE24DE2000
000FFFFFFFFFFFBFFFEBB8020000
0000000233E2C0FEFFC9348CF8B0
000000000000EFA0FFE4396FA000
000FFFFFFF4BA1D1FFCDB1B45E2F
000FFFFFFCF68632FFE9C0C25E74
000FFFFFFFFFFD0BFFD5AEBD4000
000001795F215451FFB72F3CAF91
000DBBB47AD9FB0DFFDFC79112E1
00000000B549545EFFE340B54954
000FFFF13846E879FFC9B5EC7B91
000FFFFFF9F696F6FFC9B1412D21
000000006B99581AFFD237D732B0
000FE228929FD537FFC3B76EBB6B
000FFFFFFFFFFFB4FFF2BB980000
000FFFFFFFFFE30CFFBCA3E7A000
00000005B80EB312FFDE3FB701D6
000FFFFFFFFFFF36FFD0AB4A0000
000FFFFB960BD286FFEBC60D3E86
000FFFFFFDEF2668FFEAC1043666
00000000027EC6C8FFD0341FB1B2
0000000000000001FFC220800000
000E9C5BB30C9631FFD4C1B1D226
000000000161A54EFFC93030D2A7
0000038537264B79FFE345E14DCA
00000438D87A8609FFEF4C071B0F
000FFFFFE320A215FFC6B0E6FAEF
000FFFF8E24238F5FFBEAFE3B7B9
000FFFFFFFA54506FFBBA83575F4
0000000000D3648DFFC52DD3648D
000FFFFFD0D850DAFFD5B8BC9EBD
000FFF614732F43BFFF2CC1EB8CD
0000000098BC0364FFE84318BC03
0000000002ECE74FFFBE2B3B39D4
00000004AC3668A7FFBE2F9586CD
000000000F04138DFFD839704139
000FFF86220B2192FFE5C573BBEA
00000000014828AAFFED42241455
000039D9AB8F9B8FFFB731E766AE
000FFFFA059D3B6BFFEFC83F4C59
000FFFFFC54065DDFFEAC36AFE69
00000000034BA57CFFEC4252E95F
000FFFFD1F048F56FFD1B8B83EDC
000D8F0077BA885CFFC5BA9C3FE2
00000000000006F8FFF13D5F0000
00000AEB0A37E652FFEC4B2EB0A3
000FFFFF203142F5FFE7C2DFCEBD
000000000217441AFFCA3105D106
000FFFFFFD7E6693FFCDB2A0665B
000000000000056AFFD22DAD4000
00000000FEBD8921FFDD3DFEBD89
000FFFFFFFFFFFF9FFCFA8600000
0000000000000006FFB71C400000
000000000033ABB7FFCD30CEAEDC
00016DE4DD4BA758FFC13836F26F
0000000000004064FFDB3400C800
000FFFFFFE4AAF4CFFE0BBDAA85A
000000001CB0C979FFCD3465864C
000FFFFFFFFFFFFDFFBF9FC00000
000F35711CE02013FFF1CFCA8EE3
000FFFFF941DE5EAFFC2AFD7C434
000FFFFFFFFFE49DFFE6B8DB1800
000000000000001BFFF33B580000
00000000000000C2FFEE3A420000
000000001FB9541EFFC02DFDCAA1
00000002C441E38EFFE140B11079
000FFDDF5C453208FFD8C00828EF
000057072EEF51BEFFC639AE0E5E
000FFFFFFF2C10A1FFE0BB53EF5F
000FFFFFFF19A0DCFFD3B4E65F24
000FFFFFFFFFFFECFFCDA8200000
000FFFFFFFFFFFA7FFB79E320000
000FFFFFF8580F18FFF1C574FE1D
000FE08A725A2D9AFFBAB2FBAC6D
000000A972169192FFD03B297217
000FFFFFF9FA7848FFC5AF40B0F7
0001BB9430B8A562FFCC3DDDCA18
000FFFFFFFFFFFFEFFC2A1000000
0000000000000016FFCF29300000
0000000000E9A3ADFFE73EE9A3AD
00000000000001EEFFF33D770000
000FFFFFFBEE4944FFBFAC0236D8
000FFFFCD0D18AA3FFCAB54BCB9D
00000000000FDF22FFCE307DF220
000FFFFFFFFFFFF2FFD4AB600000
000005AF0386B0B4FFBC32B5E071
000FFFFFFFFFFFFEFFC8A4000000
0000000000000003FFC924C00000
000FFE4285462971FFDAC0DEBD5D
0000007797DA87ECFFC9376F2FB5
000FFFFFC22C6030FFD6B9774E7F
000FFFFFFF95882DFFD8B6D4EFA6
0000000000000002FFE834000000
00000698FB7D169DFFED4B531F70
00000000001B5B48FFD232DADA40
000E4631053D86CFFFB7B35CE77D
000FFFFFECEF1ADAFFE5C0188729
000000000017F5A0FFD232BFAD00
00002578F1CA8291FFD74195E3C7
000FDC2338582518FFD3BF8F731F
0000000000000000FFC900000000
000000000000000DFFF23A500000
000001DEF519D251FFB9306F7A8D
000FFFFF4A63DDE2FFD8BB359C22
000D91D2769B8897FFE7CB9B8B62
0000378BF5111974FFEF4DDE2FD4
000FFFFFFFFFFAE5FFE5B7236000
0000000000000002FFE633000000
00000002F36A9869FFD2393CDAA6
0000000000126A8FFFC52C135478
000000000000D176FFE83B517600
000000000003F82EFFB8247E0B80
000FFFF854F783ECFFDCBEF56110
000FFFFFCBEBF6C6FFBBABD05025
000FFFFFFFFFFFACFFBDA1280000
00000000000A5C8CFFC62C25C8C0
000FFFFFFED62439FFD8B794EDE4
000FFFFFD4473007FFC6B12EE340
0000000001906665FFF144483332
0000000000000000FFEC00000000
000000B9D7F6EB2EFFD53DB9D7F7
000FFFFFFFFFD25BFFC4A8369400
000000015A1F5D5BFFBB2D2D0FAF
000000001527609DFFC02DA93B05
000FFFFFFFFFFF97FFD6ADD20000
000FFFFFFE924332FFDFBB36DE67
0000000000000073FFF03AE60000
000FFFF3274399D4FFD2BA4D8BC6
0000000005D948A4FFE53F3B2914
000FFFF654F09C0DFFB8AD1AB0F6
000FFFFFF9D6D5D2FFEBC2452546
000000009229F78EFFC4311229F8
00000000000000CFFFC726CF0000
0000000000001216FFF13E10B000
000FE5ADB05A2EBBFFD4BFD2927D
0000000000014004FFB723200200
0000000000000023FFE5348C0000
000FFFFFFFFE3351FFE7BB665780
00068048D4C9E773FFDE47D0091B
000FFF7B94CB0FE2FFDAC0046B35
000FFFFFFFC7FDECFFEBBFE00850
000F7A6DA6CA2294FFC8BB059259
0000000000001345FFCF2D1A2800
00000002AE2BAAD0FFCF37AB8AEB
000FFFFFFFFFF974FFD4AED18000
000FFC977D4DC687FFD0BC5A20AD
00000000000078B9FFDB34717200
000000000036646FFFE23B5991BC
0000269C8673272BFFE1469A721A
0000000000000000FFD500000000
00000000000B29E3FFBD27B29E30
000000000000234AFFD02E0D2800
000000000008E957FFDA360E9570
00000000000003C9FFE838724000
00000C724502EA0EFFEA4A472450
000000000018AF87FFCA2EC57C38
000000000163ABFDFFBE2AB1D5FE
000FFFFFFFFFFFF9FFD6ABE00000
000FFFFFFFFFBA2CFFDCB48BA800
000FFFFFFFE00765FFE6BCFFC4D8
000FFFFFE0B794C6FFD2B6FA435A
000000019EFA118FFFD93C4F7D09
000000267171DDABFFE94699C5C7
000FFFFFFFFFDF01FFB7A183FC00
000FFFFFFFFFFFC1FFCEA97C0000
0000389C310565E9FFDF45E270C4
0006B33F5ABD2E14FFBA35D667EB
000000000000001DFFC825E80000
000000000000005FFFC9273E0000
0000000000000727FFE73864E000
000000002DBB897CFFDF3DB6EE26
000FFFFFFFFFE131FFBBA3767800
0000015ABCC51454FFEA48AD5E63
000FFFFFFFFA2B76FFC4AABA9140
000000283844AFE6FFD73DA0E113
000FFFFCD1B28D5FFFC9B4CB935D
00000000000000FAFFD42D7A0000
00000000013F9A25FFC9301FCD12
00016CA659060503FFBF3736532D
0000222541F86540FFBF35889508
00000000000FE3F4FFE43B7E3F40
0000000000000000FFCB00000000
000000032B49728BFFC2314AD25D
000000000003E188FFB824786200
0002C5E0FAB2DF1AFFBD36B1783F
0000000000000613FFDC32C26000
0000000000000000FFBC00000000
0000007A3BD1BADBFFC1337477A3
000572B3A396F648FFCE3FAE5674
000FFFFFFFFFFF06FFD8AF7A0000
000EF636E85CC0E1FFDEC684E48C
0000000000001481FFB721240800
0000147B710EF87BFFDC43A3DB88
000FFFD1AC703628FFC4B4394E3F
0000000000000004FFB91D000000
000CB7F5D07A6000FFCCBE52028C
000FFFFFFFFD47AFFFC4AA2E1440
000000000264F567FFC72F993D5A
0000668FF8AA9BFBFFD5414D1FF1
00000000021E5221FFDB39879488
0000000000000008FFB81D000000
00000000000001A8FFEA38D40000
000FA9E745994BB3FFDDC52C3175
000000000000000EFFD62C600000
0000009E9A98E790FFC7369E9A99
0000000BDD717B39FFC6343DD718
0000000000002263FFBA23098C00
000000000000877AFFC72A877A00
000000000000141BFFE93A20D800
000FFFFFE509C427FFCFB557B1DF
000FFFFFFFFF914FFFB7A25D6200
00000001A1C35EDBFFC02FD0E1AF
000FFFFFFFAFA41DFFEABFA0B7C6
000011AE9A9B515FFFC6388D74D5
000FFFFFF9C5E6B7FFD1B5474329
000000FC6D1D621DFFE8477C6D1D
000EDF6F521D24A8FFEECE904857
000FFFFFFFFFFFEFFFBB9F080000
0000000000012287FFE83B914380
000FFFDFE0E5475EFFD6BD007C6B
0000000000000000FFDA00000000
000FFFFFFFFFFEF4FFECB9860000
000FFFFFFFFFEB0AFFC8A9A7B000
00000000000026F7FFBC241BDC00
000000000660D225FFDA39CC1A45
0000000F8BB9B0DAFFE543F8BB9B
0000000000000005FFDE2FA00000
000000000001D3DAFFE037E9ED00
000FFFFFFE3F887FFFC1AC603BC0
000E1FED234F8766FFDCC5F0096E
000FFFFFFFFFFF0BFFBEA2750000
00000B6CF02FC739FFCF3CB6CF03
000FFFFFA6669277FFCFB63332DB
0000000000000000FFC500000000
000000000000014CFFBF23260000
000FFFDFF4B64BF8FFE2C3002D27
00023FB72C853070FFE2490FEDCB
0000000000000015FFC122280000
0000000000000001FFBC1D800000
0000000000000000FFE500000000
000FFFFFFBDCEEBEFFE1BD046228
000000003A41C041FFE33FE90701
000FFDBBC4C7E551FFC8B8110ECE
000FFFFFFF3C75DAFFF0C3438A26
000FF89681EC21F9FFF1CD6D2FC2
0001F556F67B0526FFE64AFAAB7B
0000000000000063FFDB30460000
000F57D0702BBFADFFDBC4A82F90
0000000000000004FFBD1F000000
000001262B1B2657FFD94013158E
000FC384534690F6FFC0B671EEB3
000FE1A9AA371AB0FFEECCF2B2AE
000FFF822D41699EFFEBC87BA57D
000FFF8059BC354FFFBFB27F4C88
0000000000000058FFCE29B00000
00000010BB9A7BE8FFED4805DCD4
0000001CB52D733CFFF24AE5A96C
0000000000000001FFE532000000
000FFC99DAB08505FFDDC2D98954
000FFFFFF13E2DB8FFDEBC6C1D24
000FFFFFFFFFBFB0FFD5B100A000
0000000000000046FFC8268C0000
000000000F14B46AFFCC33714B47
00016AD626FA6975FFED4E356B13
000FFFFFF4753D41FFC5AFB8AC2C
0000000176D477F5FFEF473B6A3C
00033287D272FF8BFFCD3ECCA1F5
000FFFFFFFF52F3AFFBBA6AD0C60
000FFFFFFFFFFFC0FFC6A5800000
0000003FB89F1B73FFE544FEE27C
000FFFFFFA3D8447FFEEC3B84F77
0000000000000000FFEA00000000
00000000000000E9FFCC29690000
000FFFFFFFFFA2BCFFDBB43A8800
00000000000F0232FFF041702320
0000000003F340CFFFB928FCD034
000FFFFFFFFFFFE9FFDAAEB80000
0000000000000369FFC928DA4000
0000000000001206FFC92A103000
0000000109561D80FFE94404AB0F
000FFFFFFE550B0FFFB7A7557A78
00000000EE45F8FBFFD137EE45F9
00000006AF0DE1E1FFC73455E1BC
000FFFFFFF2ED70CFFDBB8D128F4
00001F09001ACC59FFC839F84801
000FFFFFEA8070D6FFD7B92BFC79
000FFFFFFFFFF616FFE8B91EA000
000000000C3DFC2DFFB82943DFC3
0000000000AD0135FFD2342D0135
0000000000838B29FFCF32838B29
000FFFB2604C9454FFE7C61B3F67
000F7EA1D8FFFF20FFD3C0815E27
0000000000000001FFE532000000
00000000009D9898FFDB389D9898
000FFFFFFFFFFACDFFD7B0266000
000FFFFAA1125278FFD0B8ABDDB6
000FFFFFFF75D345FFE9BF8A2CBB
000FFFFFD14C2752FFDFBDBACF63
000FFFFB63D02595FFDABD9385FB
000FF4626796AD67FFD3BEB9D987
000000000000004EFFC4249C0000
0000000000000004FFD42A800000
000FFFFFFFFDCA3DFFD7B38D70C0
0005B14D8A267FA9FFC239B629B1
0003AB01CF6B4F44FFD4426AC074
000FFFFFFFFFFFE4FFF0B9E00000
000FFFFFF18538A0FFB8A967AC76
0000000000000001FFD429800000
00000000000D88E7FFBC27588E70
0000000000000084FFDA30040000
0000003237713A2AFFE04248DDC5
000FFFE1FA91A1BEFFD1BA702B73
00000000033DCD5AFFE33DCF7356
0000000001391224FFDA389C8912
000FFFFFFFF33E34FFEEC04C1CC0
0000000000000003FFD028400000
000FFFFFFCB64219FFBCAA526F7A
000FFFFFFF8F9C8CFFEBC060C6E8
000FFFFFFFFFFFE4FFC4A3E00000
000000000000011FFFD32D0F8000
0000002C3605EC23FFED48B0D818
00000000005A17CAFFDA37B42F94
000000014938478BFFDD3E249C24
0000000000000031FFBB1FC40000
000000000000002AFFE333A80000
000FFFFF30C5CE07FFC7B2CF3A32
0000338A13997628FFE84A4E284E
000FFF7C769E10ADFFC1B3838962
000000CF2D09502FFFE746CF2D09
0000000110ED3190FFBA2C887699
000FFFFFFFFFE6D5FFF2BEC95800
0000000000CA9CF9FFC92FCA9CF9
00000001EDF1CE1FFFC93476F8E7
000000020901C9C9FFDF3F824072
000001CDCA45C990FFCB3966E523
0000000000000000FFD600000000
000000F0739C9130FFDD41F0739D
000FFF8CBEF1507DFFE4C4E6821D
000FFFFFB9382AC2FFEEC58D8FAA
000FFFFF9C991034FFBEADC6CDE0
0000577789CB5D19FFE448AEEF14
000FFFFFFE8DEFF1FFE2BCB90808
000FFFFFFFFFFFE8FFBC9FC00000
0000100623EC7C15FFE34700311F
000FFFFFFFFFFFF8FFF1B9800000
000FFFFFFFFFF595FFBEA426B000
000000000000001AFFC825D00000
000FFFDEE14F69ACFFE7C5847AC2
000F8A95D89E07B5FFE7CA6AD44F
000FF05C5A42C2A8FFC9B9FA3A5C
00000000000012B9FFE53815C800
000FFFFFFFFAB567FFC0A8A95320
00000000CAEF9F4EFFD63A4AEF9F
000FFFFFFFFFFFF9FFBC9EE00000
000F49642CFB3C0BFFD0BF369BD3
0000755C61D2D6ABFFC93B6AB8C4
000000005EFEC0ADFFB92B3DFD81
0000000000085EF7FFEE4005EF70
000003FCCD1C0724FFDD42FF3347
000FFFFFFFFFFFE5FFE2B2D80000
000FFFFFFFD9BAB8FFF1C2991520
000000000000023BFFEE3B0EC000
000FFFFFFFFFFEB9FFCDAA238000
000FFFFFFFFFFFF1FFCAA6700000
000FF0936ABDE0C8FFECCB76C954
000FFFFFFFFFF615FFD4AF1EB000
00000000001CD9B7FFE039E6CDB8
000000000000E23CFFC529E23C00
00009DAED9DD0E1AFFB7329DAEDA
0000000714811B78FFDD3F629023
000004150E404FBCFFDF4402A1C8
000002EB23C3E45BFFC0343AC8F1
0000000000000001FFF138000000
0000000CB68BE435FFEC474B68BE
000E4D07F68E7D23FFD5C2597C05
000FFF3B001FCE37FFD0BB44FFE0
000FFFFFFFFFFFFCFFDEAF800000
000FFFFFFFFFFB82FFCCAA8FC000
0000000000000010FFC524000000
000FFFFFE23E5B28FFCBB36E0D27
000FFFEA58E34E05FFD4BBAD38E6
000FFFFFFFF0E12BFFD7B4F1ED50
0000000000000000FFF100000000
0000000000000006FFC422C00000
000FFFFFFB45C1D9FFE4BE9747C5
000006BC299A1ECBFFED4B578533
000FFFAF2A6C7CE7FFB9AF21AB27
000FFFFFFFFFF472FFD3AEB8E000
000FFFFF2DEB4018FFD0B75214C0
000B246A8F2D4DFEFFD9C51B72AE
000FFFFBAB775A4CFFBDAF0A9115
000000000022A796FFBA270A9E58
000000000000000EFFBA1E600000
000FFFFFFFA2D797FFD8B6BA50D2
00000000001F2859FFE53C7942C8
000FFFFFFFFFFFCDFFD4AC4C0000
000010EA78971525FFEB4B0753C5
000000000531F5F7FFC62FA63EBF
0000000000000161FFD42DB08000
000FFFFFFFFFFF65FFD8AF1B0000
000FFFFFFFAB457DFFC4ACA97506
0000019CD0B813E3FFBF334E685C
000FFFFF9B552DC5FFEFC64955A4
00000001FC4CB7EFFFE9447E265C
000FFCEA0A569086FFC2B5457D6A
000000000000503AFFD430A07400
00000001197C8CC1FFF2488CBE46
000FFFFFFFFFFFCBFFC2A3540000
000FFFFFFFFFFFF1FFC0A1700000
000FAB55A064B86DFFDDC52954BF
00002A54F266E5EBFFF04E2953CA
000FFFFFFFA6DDB8FFE5BD324490
0000000000001443FFC729221800
0000000595AE0464FFE844B2B5C1
000FFFFFFFFE0DE2FFC8ABF90F00
000FFC43FF6F4665FFD5BEEF0024
000FFFFFFFFFFFFFFFC6A2800000
00000001CAD529E1FFEF47656A95
000FFFFFFFF55822FFB7A4AA7DE0
000ED860FBB14371FFE5CA13CF82
000000002EDD50F0FFD83A3B7544
000FFFB99BE3D408FFC2B38CC838
000FF9797843BE3DFFBDB350D0F8
0000000000000001FFD329000000
000FFEAC33085928FFC4B5A9E67C
0000091AA91D3FB7FFDF4491AA92
000FFFFFFFFFFFFDFFD3A9C00000
000FE130972901F7FFBBB3767B47
0000000000003980FFC528E60000
000FFFFEC23E4BFDFFEFC71EE0DA
0000000007525FE7FFD9396A4BFD
000000003F59A862FFF347FD66A2
0000000336AD89F4FFEB45CDAB62
000FFFFEB1458FFAFFEFC7275D38
000000000001E1D4FFE83BF0EA00
00000163CEA56507FFCF3B31E753
000000000000005BFFD12B360000
000000000000003FFFBA1F7C0000
0000008A892B4DB2FFBD318A892B
000FE3F8AB5D59DBFFCEBCE03AA5
000FFFFFFFFF74AFFFE6BA0B5100
000FFFFFFFFF6056FFBDA59FAA00
0001BFF76FECE86AFFCD3E5FFBB8
0000000000000000FFD100000000
000FFFFFFFDFEBA2FFB9A6805178
000FFFFFFFFFFE36FFC8A7E50000
000FFFFFFFFFFFFEFFD6AB000000
0000000027995DBCFFC02E1E6577
000FFFFCA485F8DBFFD8BC56DE82
00000000000091F1FFDC3511F100
0000000000000007FFD129600000
000FFF39DB60757BFFBCB14624A0
000FFFFFFFFF94FDFFCAABD60600
000FFFFFFFFFFE12FFEEBAF70000
0000003395740A9DFFC8364E55D0
000000003647768EFFC731D91DDA
00000000000460D6FFCA2D8C1AC0
000FF76F1721BEFCFFB9B1890E8E
0005E50A23691191FFC73C3CA144
0000000000000152FFC928290000
000000151257C2DCFFDC3FA892BE
000000036CA78797FFC733DB29E2
0000000000213416FFCA2F04D058
000FFFFFFFFFC449FFD4B06EDC00
000FFFFFFFFFF3ABFFC8A9455000
000FFFFFFFFFFFF8FFDAAE000000
00000000012A9508FFB928154A84
00000E137F08102AFFD33EE137F1
00000370101EB454FFEA495C0408
0000000000000004FFBE1F800000
000FFFFFFFFF48BAFFDAB4374600
00000206E2B04826FFC33581B8AC
0000001AC8841320FFBF31564421
000E8FB286DEBD65FFD8C3B826BD
000FFFFFFFFFFDBBFFF3BD914000
000FFFFFFF2DAF0EFFD3B4D250F2
000FFFFFFFFFF92AFFBCA2DAC000
00000044FBC62DD5FFCD3909F78C
000FFFFF0D6CB031FFDABC729350
000000000A975251FFD939A97525
0000000001FF8552FFEE42FFC2A9
000000000ABA0A57FFD8392BA0A5
000015518BDB792DFFC5382A8C5F
000000000C2C3B89FFC931C2C3B9
000FFFFFFFFFFF97FFE6B5D20000
000FFF329079D265FFD2BC4D6F86
000FFFFFF94A999BFFC9B156ACCD
000FFFFFFFFFFF42FFC9A7BE0000
000000263DD4B2E4FFF24B18F753
000FFFFFFF97FFAEFFC5AD5000A4
000FFE09419C8204FFE2C4FB5F32
000FFFFFFFFFFFEBFFDAAEA80000
000FFF0E791B6C92FFF2CC7186E5
000EC3BC88C1F146FFEDCE1E21BC
0000000000000005FFD52B200000
000FFFFFFFFFF9B8FFBFA4490000
000FFFFB7052D888FFEAC591F5A5
000000315370B356FFDC40454DC3
000FFFFFFFF9F1E4FFDEB7C1C380
0000EAF91CAEFAF5FFC0376AF91D
0000000000000002FFC522800000
000FFE1C81E7E0A3FFD2BCF1BF0C
000FFFFFFF2E34F4FFBAA851CB0C
000000000000003FFFE132FC0000
0000000007330A7BFFC02CE6614F
000FFF08430421E8FFC4B577BCFC
000FFFFE6A665640FFD4B9CACCD5
000FFFFFFFF85522FFB7A4755BC0
000000000000097CFFF23E17C000
000FFFFFFFFFFFE0FFE5B4800000
000FFFFFE22C07DDFFE1BE6E9FC1
000FFFFFFFFFFDDBFFE4B6094000
0000000000000001FFBD1E000000
000FFFE59F82B5D3FFDCBFD303EA
000FFFFFFA75C0AFFFBAA9B147EA
000003062454DF9BFFDE43418915
00000000000030C7FFE438431C00
000000000033AC16FFE63D4EB058
000FFFC0E4AF24E8FFE4C47C6D43
000FFFFFF7BF9B3CFFC9B184064C
000FFFF062C0AF88FFE2C279D3F5
000000000000E8DDFFEB3CE8DD00
00000000032BB9F4FFE8404AEE7D
0000000000160526FFE43BB02930
00000ACFF687C658FFD6402CFF68
000FFCD420965E84FFD2BD4AF7DA
00000000000009D1FFDB329D1000
0000000000000001FFD72B000000
000055989353AD14FFED4D2B3127
0000000000000123FFDA30918000
000FFF807FCD7983FFCBB87F0065
000FFFFD46968380FFCBB5AE5A5F
000FEEB6CFFD8AE0FFEECC8A4980
0000999323ADC72CFFD742999324
0000000000000121FFD52E108000
000FFFFFFFFFB84DFFDAB38F6600
000FFFC5BF912173FFE8C66901BB
000FFFFFFFFFD833FFBFA59F3400
000FFFFFC20FD2CBFFF0C677C0B5
000FFFFFFFFDE9F1FFCCAE0583C0
000FFFFECEF7FDFFFFE8C3988401
000000000004533AFFD2318A6740
000000000000010AFFB71F050000
0000000000000000FFD000000000
000FFFFFFFFFFEC0FFF0BBA00000
000000000002D659FFE53AB59640
000FFFFFACED6ED4FFE2BFA62522
000000001A777A5FFFE94253BBD3
000FFFFFFFFFDA69FFC9AA965C00
00000000000000BEFFE937BE0000
0000000000001AB3FFEC3BD59800
0000000000000002FFC623000000
00003BD1D9D580B3FFC6396F4767
00000000000753CEFFE038EA79C0
0000000000000006FFC523400000
000FEBAC323F8F5CFFCFBD229E6E
000FFFFFFFC0D9BFFFBEA97C9904
000FFFFFFFFFE593FFD5B0536800
000000000000000EFFBB1EE00000
000FC8A9D03BA3C1FFC2B75D58BF
000F063F06AA29C1FFC4B979C0F9
00000EFE7A5D5518FFCC3B6FE7A6
000FFFFFFFFC367BFFC7ABF26140
0000000000004E44FFDD351C8800
0003F9234FF2A50DFFC0387E48D4
000FFFFFFF5C0F45FFDDB9A3F0BB
000000054F08E8AAFFC13129E11D
000FFFFFFFFFFFF9FFBB9E600000
000FFFFFFFFFFDFEFFC8A8008000
000FFFFFFFFFFFFEFFC5A2800000
0000000000000000FFD100000000
000FFFFF9B9A5C68FFB7AA48CB47
000000C8F6E22255FFBE3248F6E2
000000028B2968BFFFC532A2CA5A
000000000523AA58FFCA31A4754B
00000000000000CDFFE0334D0000
0000000000000001FFEE36800000
000FFFFFFFFFE6F4FFE6B8C86000
000000A4827DE51DFFED49A4827E
0000000000000000FFBC00000000
000FFFFFFFFFFB46FFE8B8974000
000FDB06A9E51DF0FFCEBD13E558
000FFFFFD8A65FC1FFD9BA9D6681
00000000002F4EC8FFD8363D3B20
000000018A75E4AFFFEC45C53AF2
00000000001E8EAFFFDD38747578
000FFFFFFFFFFFF0FFC2A2800000
000039ECFCA19A20FFC03667B3F3
000FFFFFFFFFECE3FFE8B998E800
000FFFFFFFFFFFFEFFC6A3000000
0001410306B7EFBAFFBD36208183
000FFDDA3FF83213FFD5BE897002
000FFFFFFFFB39D0FFC1A918C600
0000000000000721FFE537642000
000000028CDD61F6FFEB45A33758
0000000000EF56EBFFD0336F56EB
000FFFFFFFFFF6C4FFE0B513C000
0009B9565D782A3BFFF1D148D534
00001AF4973331BDFFC33757A4BA
000000000384D2C4FFB8286134B1
000FFFF212D3CD44FFC6B45ED2C3
000FFFFFFFBED881FFB9A7024EFE
0000001479F60890FFC53423CFB0
000FFFFFFFFFFFECFFEFB9200000
000FFFFEDF103A25FFBCAD9077E3
0000000000000000FFE900000000
0000000000000300FFD12CC00000
000EE44CF4B9957BFFDEC68DD986
000FFFFECF823105FFEAC4983EE7
000000001E1A046DFFE54070D023
0000000000000046FFCB280C0000
0000000000000028FFDF31A00000
0000015C641288B2FFC3352E3209
000FFFFFFFFFDB6BFFC2A7125400
0000000000020304FFD73380C100
000FFEB6D53D2C10FFC9B8249561
00000002C30B7B21FFE743B0C2DF
00000000000004E9FFD32E1D2000
000FFFF0471B57A5FFE6C47B8E4B
000FFFFFFFFFE264FFD5B06CE000
0000001B5F4CDE24FFE242DAFA67
000FFFFFFFFFFFD5FFDCB02C0000
000FFFFFFFFFBFAAFFE9BB00AC00
0000575A12553C9FFFBC34AEB425
0000000DD0266307FFB72CDD0266
00000000017A07EFFFBF2B3D03F8
0000000000000000FFC800000000
00000008A75D66D5FFD43B0A75D6
000FFFFFB5105E62FFEEC595DF43
00000000060367ECFFE23DC06CFE
0000000009C38CAFFFDA3A1C38CB
000FFFFFFFFFFFF4FFD5ABC00000
000000000225FDE7FFC32D897F7A
0000000000003A64FFCC2C699000
000FFFB6DAD8DE05FFC7B6124A4E
000FC73350C15BE6FFBFB5E332BD
000FE5391D26D68FFFD1BE563717
000FFAFC0E41153CFFBAB1A07E38
000000000000F69CFFE037769C00
000FFFFFEDA948B0FFD7B912B5BA
000FFFFF030BD067FFC6B27CF430
0000000D046FF05FFFE141D046FF
00003E6821319A57FFE347F9A085
000FFFFFFFFFFFF2FFC3A2E00000
000FFFFA950DF03EFFC4B2AD5E42
0000000000000031FFE936C40000
0000000000000001FFE431800000
000FFFFFFFFFFF5EFFCCA9220000
0000000000000000FFF100000000
0000000000000001FFCF27000000
000000000001C274FFDF37613A00
000FFFFFFFFCE1E4FFBCA6478700
000FFFFFAE00AD65FFECC4A3FEA5
00000000000008DDFFEC3B0DD000
000FFFFFFFFFFFE6FFC8A5D00000
000FFFFD6715959DFFD2B9263A9B
0000000000000045FFBC208A0000
000FFFFFFFFEE194FFCFAF0F3600
000FFFFFFF8D224DFFDDB965BB66
000000000007E230FFDA35FC4600
000FFFFFFFFC0E08FFC4AA7C7E00
00001F9A938EC9ECFFE3477CD49C
0000000000000031FFBB1FC40000
000000006FAF93F3FFD3385F5F28
000000000000A1BCFFCB2CA1BC00
000FFFFFFFF4FB27FFE0B9304D90
0000000000B578BFFFB927B578BF
0000000000000000FFE300000000
000FFFFFFFFB7D06FFC5AB105F40
00000E091E6C3E75FFEC4B6091E7
000FFFFFFFFFEFCEFFDCB3819000
000FFFFFFEF51275FFBDAA0576C6
0000000009B624B9FFD1359B624C
0000000000000000FFE100000000
0000000000000007FFD62BE00000
000FFFD16D24B88BFFB7ADBA4B6D
000FFFFFFFFFFF55FFDEB22B0000
0000BD66BC9E3FFDFFD541BD66BD
000763E17DF8E80BFFEF506C7C30
000FFFFFFFC111EEFFC3ABFBB848
000000008DDA881AFFD2380DDA88
000000001090E42FFFCF35048721
000FFFFFFFFFFFFEFFEBB5800000
000000000000000DFFC724D00000
0000DC68BE15904DFFF14FDC68BE
0000000000000000FFD800000000
000FFFFFFEF1009DFFC4AD877FB2
000002743C6AD2CAFFBE331D0F1B
000FFFFFC1BB38FAFFDCBC79131C
0005D4D19B52D539FFF251BA9A33
000FFC617FB7393BFFCDBAE7A012
000FFFFFFF077930FFDDB9F886D0
000FFFFFED42225DFFD7B915EEED
0000000000003711FFBE255C4400
0000000000000000FFC800000000
000000002C117A58FFEB43B045E9
000000000000366AFFE83A59A800
00000000F5ABAB7DFFE24075ABAB
000FFA3DD71E94DEFFE6C7B8451C
0000000D012EF6CAFFD93DD012EF
000FFFFFFFFFFFF9FFBFA0600000
0000000000052AF3FFDE37A55E60
000FFB5524A33FB0FFD2BD955B6C
000FFFFF5B1DDC99FFC2B024E223
0000000000000004FFBC1E800000
00000000000016F1FFEA3AB78800
000FFFFFFFFF178EFFEABC687200
0000000000000005FFD129200000
0000000000000008FFE131800000
0000000EAA214069FFD0396AA214
000FFB48FDA83D65FFD1BD16E04B
000FFFFFFFFFFFC4FFE1B2F00000
000FFFFFFFFFFFF1FFE1B1F00000
000000000000735FFFC52966BE00
00000000000B7FAFFFC72CB7FAF0
000FFF5302AF0912FFC9B7ACFD51
0000000000000000FFDD00000000
000FFFFFFFFFFBFAFFC6A780C000
000394EF00CC8D06FFDE47653BC0
00000000034E4011FFD436539004
000FFFFFFFFFFFF1FFBEA0700000
0000000057D73BC4FFD438AFAE78
0000073D2AA6E165FFEC4AE7A555
000FFFFFF0663199FFB7A8F99CE6
000FFF85E15EC999FFD2BBF43D42
0000000A41539B59FFBF30A4153A
00000000000EED79FFC129EED790
000FFFFFFFFFFFDDFFD4AC0C0000
0000000000000227FFE43609C000
000FFFFFFFFFFF3AFFE8B7460000
000FFFFFE41284E9FFDEBCDF6BD9
0000000011C24B70FFD8398E125C
000000000000001DFFDD30680000
000FFFFFFFFFFF3AFFC2A4460000
00099E79B07A10DAFFD7C44C30CA
000FFE77B0E1B136FFCDBA44278F
000FFFFFFFFFFFD8FFF3BBA00000
000FFFFFFFFFFFFAFFE4B2C00000
0000000000000019FFD92E480000
000FFFFFFFE35298FFD4B3E56B40
000C9EEE60179E57FFE5CAD84468
0000000000001C69FFE538634800
000000000039C79CFFEE41671E70
000FFFFFFFFFFFD8FFC7A5A00000
0000000000000041FFE032820000
000FFFFFFF6356DFFFD5B59CA921
000FFFFFFFFFFF67FFB99F990000
000000000106571BFFF345032B8E
000FFFFFFFFFFF24FFEBB8DC0000
000FFFFFFFFFFFF7FFC4A3100000
00000000F4C4FE1AFFDB3CF4C4FE
000FFFF85E84A3F3FFEEC7F42F6C
0000000000684BCEFFE93F50979C
000FFFFFFA274AE2FFCAB1BB16A4
00000000000D1C38FFF24251C380
000FFFFFF5B14771FFE6C024EB89
00000000081D5831FFEA4201D583
000E467E07294E01FFD2C0DCC0FC
000FFFFFFFFDE0C0FFE1B887D000
0000017D6E2DCA0CFFCF3B3EB717
0000304399FDCE5FFFDB43C10E68
000F711F2DFA0C86FFF2D00EE0D2
000FFFFFFFFF1D70FFC8AB629000
0000000000000B6CFFB921B6C000
000FFFFFFFFC0764FFDAB57E2700
000FF907E6251852FFF2CDDF033B
000FFFFFFFFDF371FFCDAE8323C0
0000000000000006FFDB2E400000
000FFFFFFFF78BFBFFD9B5874050
000000000000001EFFCC27F00000
0000000000000004FFDD2F000000
000FFFFFFFC7C22AFFD0B260F758
000FFFFFFFF37BACFFB9A5C84540
000FFFFFFFFFFFBEFFB79E040000
000FFF3F871FCFB8FFCBB8C078E0
00000055C6CC17AEFFDF422B8D98
000FFFFFFFFFBCCCFFC3A8066800
0000000000000333FFF23D4CC000
00000001FE330F0CFFD037FF1988
000FFEEB3832CEC0FFDDC20A63E7
000FFFFFFFFFFFD6FFCEA9280000
0000002E4F4D6C35FFE544B93D36
0000000000000000FFE200000000
00000000000A5D21FFB724A5D210
000FFFFFFFA9A240FFCEB1ACBB80
000FFFFFFFFFFD2AFFBEA3358000
000000003DA6FDE5FFD739F69BF8
000000610EEDD958FFC133421DDC
00000051A326BB38FFCB3823464D
00003A48D5E4E690FFBA33692358
000FFFFFFF775371FFBCA908AC8F
000FFFFFFE24D359FFE3BD6D9654
0000000000000010FFEB37000000
000FFFFFFFFFFFFFFFB89B800000
0000000013780797FFBA2A9BC03D
0000000000000000FFE500000000
000FFFFFFFFFFFFFFFE7B3000000
000F4282DB288F12FFC0B73D7D25
000FFFFFFFFFFFFDFFE7B3C00000
000FFFFFFFFFFF82FFC2A3FC0000
00000000000002CBFFCA2932C000
000000000000219AFFED3C866800
000000000DB58DCBFFCE345B58DD
0000000000000000FFDE00000000
00002A3BBE13AAD4FFC63928EEF8
000000000A733AEAFFD738A733AF
000FFFFFFA02D818FFF0C4BFA4FD
000FFFFFFF43D8BDFFEAC03C2743
00000000524382B8FFC02EA48705
000FFFFFFFFFFFE4FFC8A5E00000
000FFEAE55F97F1FFFF3CD28D503
000012FE6EDD472AFFBA3297F377
0000066600492C7CFFD33E4CC009
000F3896A1B6EF88FFE6CA47695E
000FD13029EEE8E4FFCCBC3B3F58
000FFFFFFFFFF17BFFCAAA685000
000FFFFFFFFFED60FFBEA4950000
000FD921C9070069FFC9BA9B78DC
000FFFFFFFFFFFB3FFC0A29A0000
0000000000C3E38AFFBC2943E38A
000068E28D3F73BAFFCB3C51C51A
000EB7F2F63D58A2FFE4C9A40685
00000000000001EFFFE435F78000
000FFFFFC8FFFFCCFFC6B15C0001
00006B09CF8AD213FFE247D6139F
0000020803A136E8FFF24D0200E8
00000000000396E6FFC82C65B980
00000000003B36B9FFD333ECDAE4
000FFFF100C80F79FFC5B3EFF37F
000FFFFFFFFDEF92FFCFAF841B80
000FFFFA871FB287FFBDAF2F1C0A
000FFFFFFCD9207CFFF0C449B7E1
000000714E6E22E3FFE545629CDC
000FFFFFFFE797CCFFF2C2C341A0
000FFFFFFFFFFE43FFDFB35E8000
0004B19D74461374FFEB4E1633AF
000FFFFF3FDEA95CFFCEB6402157
000FFFFFFFFFD4FDFFD9B2AC0C00
0000000044087F62FFDC3C8810FF
0000000001889052FFF043C44829
000FA77A204903E9FFBBB4310BBF
00000000041307EBFFBE2B8260FD
000000051B5F2713FFC131236BE5
0000000000000000FFBC00000000
000000000109D8FAFFEC4184EC7D
0000000000000032FFD72DC80000
0000000000FAED2FFFE23C7AED2F
000FFFFFFFFFE078FFC5A87C4000
000FAD18497CB1C9FFD8C2A5CF6D
000FFFFFFFFD28D8FFC4AA35CA00
000FFFFFFFFFFFFFFFDFAF000000
000000000001A82BFFEF3F541580
000FFFFFFFFFFFF3FFEBB6D00000
000000000D3B7EE6FFDA3A53B7EE
000FFFE04C26A78DFFC1B27D9ECB
000FFF66B0B02339FFBFB2994F50
000FFFFFC7EE93C5FFEDC4E045B1
0000000000000016FFDD30300000
00000000F65EC606FFBC2D765EC6
0000000007753DE1FFE33E6EA7BC
000FFFFFFFFFFFA3FFE0B2BA0000
0000000000000000FFE000000000
000FFFA70A6A6171FFB8AEB1EB2B
0000000000494774FFC62D928EE8
000547A1216AA5A6FFE44AA8F424
000FFFCFC55A52DCFFEDC8C0EA97
000FFFF4287AB7D4FFC3B2BD7855
000FFFFFFFFFFFE4FFCBA7600000
0000000B0A553326FFE744B0A553
0000000000000A0FFFC42720F000
000FFFF18EC7FF50FFB9ADE71380
000FFFFCB374130EFFC6B35322FB
000001C3E29F68C3FFBE32E1F150
00000000000038B0FFBB23E2C000
0000069B273B4751FFC3365364E7
0000000000000000FFD300000000
000FFFF51CE9FEB1FFDDBFAE3160
000F43AF5E652090FFBBB4BC50A2
000CE8984B9A3AFCFFB8B445D9ED
000FFFE7087254BDFFDEC0C7BC6D
0000000000001DD5FFD42FEEA800
0000000727A5A462FFBF3064F4B5
00000000017ACC1BFFD435BD660E
000DF4122EFB8BD6FFDDC682FB74
000FFFD5BF2BDB76FFEBC7A90351
00000000D50BCDCDFFDA3C550BCE
0000018FCF6E97DBFFED4A47E7B7
0000000000000001FFBD1E000000
000FFFFFFFFFF786FFDDB387A000
00000005E3756067FFF1493C6EAC
000FFFFFFFFFE7D7FFC2A6C14800
00000000018B0689FFE43DC58344
000FFFFFFFFFBCDCFFEBBC064800
000000000025C9DCFFE23B172770
0000000000000000FFC100000000
0000000000078EECFFCB2E71DD80
0000000AB9CF357FFFD43B2B9CF3
000FFFFFFFFFFFBAFFCDA90C0000
000F6047A612808AFFD4C11FB85A
00000000004D8FC8FFCF321B1F90
0000000D13A962D8FFD43B513A96
000FFFFFFF823A89FFE5BD7B8AEE
000FFFFFFE6251CBFFBCA9CED71A
0000007C2BD9FC57FFDA3FF857B4
0000000102D62B07FFC331016B16
000F01FE64066999FFD2C07E019C
0000000000000000FFD400000000
000E02F855F53BEEFFEDCE7E83D5
000003FB352C5CA9FFEA497ECD4B
000FFFFFFFFFFA94FFC8A8AD8000
000FFFFFFFFFFFD7FFB99EA40000
000FF0EE941F7341FFE8C97116BE
0000000000024734FFCA2D11CD00
000000000000003BFFED38EC0000
000000000000000BFFEE38300000
00000000720537B5FFD73A640A6F
0000012E20EFA99AFFBC31971078
0000000000000066FFF13B4C0000
000FFFFF2CB715FBFFC9B3D348EA
000FFFFF1E431145FFE3C0E1BCEF
000FFFFFF6501D00FFC0AD1AFE30
0000000000000A88FFC326A88000
000FFFFFFFFFFF7FFFE4B5010000
00000110591B113FFFEE4A882C8E
0009A3E48466ABA4FFB7B44B836F
000FFFFFFFFFFFB5FFD5AD160000
000FFFFF9088C779FFD0B6DEEE71
000FFAC6F7B55678FFBBB2272109
0000000000000004FFCF28000000
0000000000E44384FFDF3AE44384
000FFFFFFFFFFA44FFE1B5378000
000FFFFD96930EEFFFBEAF1A5B3C
000FFFFFFFEDECBFFFF1C2109A08
000FFFFFFFFFFFC5FFECB86C0000
000FFFFFFFFFFFF8FFBFA0800000
00000285A94FEDBCFFC536A16A54
00000000000001A4FFEA38D20000
00000000F9136A08FFC732F9136A
000008A8413F1736FFDC430A8414
0000000000000596FFD62FB2C000
000000013908642DFFE7431C8432
000FFFFFFFFFFFD3FFF0BA340000
000FFFFFFFFFFFFDFFBE9F400000
00000000001CBF9EFFDE38E5FCF0
00013B860A506642FFD03F9DC305
0000000000000003FFBC1E400000
000FFFFFFFFFFFEFFFCDA8080000
00048FCEC78593B5FFCF4011F9D9
0000000000000009FFE031100000
000FFF1C77C142B8FFBAB063883F
000000B086DA57FEFFD33CB086DA
000000E8B6E064E1FFE746E8B6E0
000D31BEAA622A42FFC3B9B39055
000FFFFFFFF266F9FFC5ABD99070
000000000001959DFFBD264ACE80
000FFFFFE1346A00FFB9AA765CB0
000FFFFFF8468017FFC5AF772FFD
0000000000000021FFC223040000
000FFFFFFFFFFF90FFDDB1600000
00000002E90D81A8FFEE473A4360
000FFFFFFFEF0802FFF1C207BFF0
000000FDC57C0573FFF14BFDC57C
000FFFFFFC027E62FFEBC1FF6068
0000000000000001FFE833800000
0000001C72E79981FFBE30E3973D
0000000000000013FFDF31180000
000FFFFFFFFD0315FFC3A9BF3AC0
000FFFFFFFFF9B18FFE9BB49D000
000FFD826D13F5DCFFDCC21F64BB
000FE262FC686C82FFE2C6ECE81D
0000000000001A1BFFE638D0D800
000FFFFFFFFFFFE4FFE3B3600000
000FFD6807329059FFC8B825FE33
000FFD85307D0775FFDAC11EB3E1
00096C292E432A82FFCBBE527ADA
0000000000000000FFE700000000
0000000000000004FFE935000000
00013700DD27EAD6FFD7431B806F
0000000000000031FFBE21440000
000FFFF5606DFD6EFFB8AD29F920
00000000003EBBCEFFD132FAEF38
0000004CD59D2718FFCE3999AB3A
000FFFFFF79C7D8CFFBBAA863827
000FFDFF3747D201FFC1B480322E
000DCC57A0BAA318FFD6C30CEA18
0000000073105394FFEE45E620A7
00000001EE52B92CFFEA44F7295D
00058D07C3E4DBBBFFE64BB1A0F8
000FFFEE5C7BA26CFFB7AD0D1C23
000259C995971849FFDA45167265
0000000000D3983EFFDE3A53983E
000FFFDC48304DBCFFC3B38EDF3F
000000321D07129EFFBB2FC8741C
000FFFF862C2D9A4FFC4B2F3A7A5
00000000014AAC45FFDD3A255622
000FFFFFFFF55F7CFFD0B12A0840
000FFFFFFFFFFF89FFC7A66E0000
0000000000001287FFF33F143800
0000001AA935A95DFFDC3FD549AD
000FFFFFFFDC4973FFE7BD8EDA34
0000000FCF3081A4FFF34AFCF308
0000071655A15BCFFFE647E2CAB4
000FFFFFFFFFFC7BFFC1A4E14000
000FFFFFFFFFADC1FFDFB6247E00
000FFFAB33A828BBFFEFCA2998B0
000079E7B474CE40FFCE3DF3CF69
000F8F3A0663663FFFF0CEE18BF3
00000000000000F7FFCA28770000
00000000006E444CFFE53D5C8898
000FFFFFFFFFC938FFC2A75B2000
0000000007768DC1FFD5376ED1B8
000000000000004CFFC223980000
000FFFFC2CD43A5EFFF3C9F4CAF1
000FCAFD48F800FFFFCABB540ADC
000F85D8E1EA9D4BFFC5B9744E3C
000FFFFFFFFFFEA2FFECB9AF0000
0000000011C2C4F0FFD6388E1628
000E43BD16AF772AFFECCDDE2175
00000000007F63F5FFDE39FEC7EA
000000000FD21A2BFFEB42FD21A3
000FFFF811B29F50FFBAADFDC9AC
000000000001B5D1FFC027DAE880
0000000000199391FFC32B4C9C88
000000000000001CFFB81DE00000
000FFE81EE9D5C67FFF1CC3F08B1
00000162357A85F2FFC536311ABD
000FFFF3F041F167FFEEC840FBE1
000FFFFFEF1F92FAFFB7A9070368
000FFFFFFFFFFFFBFFF1B9200000
000FFFFF410C3F59FFDCBD3EF3C1
000FFFFFFFFFFFF8FFDEB0000000
000F123B8C595938FFD6C26DC474
0000000000000000FFBA00000000
0000000000000012FFED38100000
0000000137804B17FFE9441BC026
000FFFC6D440464EFFC0B264AEFF
0006D762F9F7E855FFE84CDAEC5F
0000000000000C95FFBF24C95000
000002EC331B65F0FFC6373B0CC7
00000001FF13B2DFFFC9347F89D9
00000000902A0957FFDB3C902A09
0001D14A41E8A332FFCF3F68A521
000FF20BC74BF791FFBDB3DF438B
0009654BEA576D1FFFBEB7D35683
0000000573D5957DFFC5332E7AB3
0000000000B6CB32FFF344B6CB32
0000000191FDFFB5FFE54248FF00
00000003189E3BC7FFBC2E46278F
000065B7CDCE8144FFEF4E4B6F9C
000000C627705900FFEE4A462770
0000000000000015FFE433A80000
0000000000000000FFD300000000
000FFFFFE059A280FFB8A9FD32EC
000C0DF7459E7818FFE7CBFC822F
00000000000DA1B9FFCC2F5A1B90
0002CFF623ECCED2FFE84C33FD89
000000390CC5E314FFDC40643318
000000002311CC45FFCA330C4731
0000A38892D82A86FFBC35238893
000000000D4E0D34FFD63854E0D3
000FFFFFFFFFFE97FFCEAAB48000
0000000000000A0AFFDD33A0A000
0000001A6607E66FFFB82DD3303F
0000000000000096FFCD29960000
00000334E22D3814FFED4ACD388B
00000077FECD3358FFC233EFFD9A
00000000003860B3FFF0426182CC
0000000000000002FFB71B800000
000000000006A210FFD533544200
000FFF9C8C8DE1D0FFC0B2C6E6E4
00019BE5111049BDFFBB354DF289
0000000000000001FFDC2D800000
000FFFEAEF507E67FFD8BDA8857C
000000000000000FFFD029700000
000FFFFFFFFFFFFAFFBA9DC00000
000DB533AF7E2BE9FFBCB612B314
0000000000000333FFD12CCCC000
000FFFFFFFFFFFFFFFEEB6800000
000FFFFFFFFFF5D5FFBAA222B000
000FFFFFFFFF21FCFFF0BF5E0400
000FEABDA6933490FFCCBBAA12CB
00000000000036B4FFE93ADAD000
000FFFFFFFFC7887FFDFB7E1DE40
000FFFFFFFFFFFFEFFDFAF800000
000FFFFF0898E1F2FFDABC77671E
000361FDD9CD57C3FFC239587F76
000000005C200AFAFFD83AB84016
0000000000003BB3FFEB3BEECC00
000FFFFFFFFFFE9CFFEAB8B20000
000D41E6030B95E8FFD7C3AF867F
000FFFFFFFFFFE26FFBDA26D0000
00000000000002E8FFDA313A0000
000000000002F4B1FFB924BD2C40
000FFFFFE45E4D46FFD7B95D0D96
000000000030196FFFBF29C065BC
0000000000000002FFC321800000
000002113CA0B5BFFFD53E844F28
000061BDC8135958FFBC34C37B90
0000000006B93EF9FFF044D727DF
000FFFFFFFCE0344FFE5BCC7F2F0
00000000003E5B12FFF243796C48
000FFFFFFFE0427CFFE3BB7DEC20
000FFE0673A74F3FFFF1CC7CC62C
00000000000000FEFFEE3A7E0000
000FFFFFFEB2D8E1FFEBC1269390
000000807B0208DFFFB72E807B02
0000000000000001FFC321000000
0000000001DFF2EEFFEB416FF977
000000000000001FFFE735780000
000FFFFFF8B09BDEFFBAA9E9EC84
000000000000000DFFF33AD00000
0000000000004234FFBD25046800
000013FC618EA233FFCB3B1FE30C
00000130A09A8E97FFDD4218504D
0000000019CC5848FFEB434E62C2
000FFFFFF682AFBEFFBBAA97D504
0000000000000002FFD329800000
000FFFFE62EF45A0FFDFBF4E885D
000FFFFD21BA47F6FFE9C4B7916E
000FFFF70DA35692FFBAAE0F25CB
000000000000000DFFE533D00000
000FFFFFFFFFFFFFFFE4B1800000
000FFFFFFFFFFFF8FFD7AC800000
000FFFFFFFFFE92CFFCBAB36A000
00069E9F0A0F3EB0FFDB4653D3E1
000000000000BCDFFFCF2EBCDF00
000000000000C562FFD632456200
000F6AFB84F976DBFFCDBD95047B
000FFFFFFFFFFF94FFC7A6580000
000000000000016EFFCF2B370000
000FFFFFFFFFFFCDFFE3B3CC0000
000F1FD2D8863616FFCBBCE02D27
000B0AD1C75D8532FFD5C31EA5C7
0000000000001E19FFF03DF0C800
00000000000010C4FFC829862000
00000020561D6211FFC333815876
000FFFFF5B398F4FFFC0AF24C671
000001EDDB547D09FFBA30F6EDAA
0000000000246F37FFF34391BCDC
000FCFA07959D245FFD8C2417E1B
000FFFF397251CADFFD8BD468DAE
000000002DAB8242FFE741B6AE09
0000000000000002FFD128800000
000FFFFFFFFFCF89FFF1BEC1DC00
000FFFFFFFFFF801FFC9A97FE000
000FEA6A5B221065FFBCB3ACAD27
0000000000002517FFC227145C00
000FFF2CDCFC857FFFCFBAD32303
000FFF1DF192A431FFDBC0E20E6D
00000000000002F2FFDE333C8000
000FFFFFFFFFFFF0FFD2AA800000
000FFFDD57E3BC66FFE0C20AA071
000000000000014EFFDA30A70000
000FF54B980CFE66FFDCC32B467F
00000000000019E6FFE035CF3000
00000000000002A2FFBA21288000
0000000000000103FFDF33018000
0000000000000000FFE800000000
00000000000CC779FFC52BCC7790
00000332AEE58476FFED4ACCABB9
00004FB02530EDC3FFBA339F604A
000FFFFFFFFFCC14FFC5A8CFB000
000000000000001EFFCD28700000
000FFFFFFFFFF85EFFBFA4744000
00003CA702BE4A26FFBB33F29C0B
0000000000000071FFF03AE20000
000FFFFFFFC0A717FFB7A5FD63A4
000FFFFFFFF177FCFFC2AA688040
000FFF26416290ABFFDAC059BE9D
000D173271A23586FFBCB63A3364
000077193AF6AB2EFFBE35EE3276
00005F8DCF1DE485FFDF463F1B9E
0000000D759D5A28FFEC475759D6
0002FBFE3469474FFFBB35BEFF8D
000000007716B88FFFEF466E2D71
000FE863D0CEF1EFFFD4BFBCE17A
000FFD357FDD3F04FFE8C832A009
0000000000007E52FFF13F7CA400
000FBE52618C1C19FFCABB835B3D
00000000CD47F90EFFBE2E4D47F9
000FFFCE2BEBA10EFFC9B6C75051
00000020C3A3C3DCFFDE41030E8F
0000000007757F71FFE23DEEAFEE
000000000000256DFFCB2B95B400
000000000000000BFFD92DB00000
0000195E50C5B32FFFF04DCAF286
000FFFFFFFFFF27BFFDCB3585000
000FFFE7594BFCD6FFD9BE4535A0
000FFFFFFFF54434FFE0B92BBCC0
00011ECA6B24ED23FFEE4E8F6536
000A47CD039DBC83FFEACDB70660
000FFFFFFFA07513FFE5BD3F15DA
000FFFFFF817DA46FFB8A8FD04B7
000FFFFFFFFFFFFEFFC6A3000000
0000000000000091FFE435110000
00000000000000E1FFD02B610000
000FFFFFFFFFFFFFFFE2B0800000
00000009CE630945FFE5439CE631
000F07E81C48583BFFD4C17817E4
000D634ADEEB4D6DFFF1D0A72D48
0000000004962A0BFFDC3A92C541
000003E506C7C50BFFF24D7941B2
000FFFFE8F8CF344FFBDAE383986
000FFFFFFFFEBB3DFFEBBD226180
000000000089B9A9FFE93F89B9A9
0001F1031BC7477EFFE248F8818E
000FFE01FAC0A378FFD8BFFF02A0
0000000D7CA91D31FFC03157CA92
000001C9AC2192FAFFE445E4D611
000FFFFFFFFFF8C0FFD3AE680000
000000000000EAF8FFDA346AF800
000FFFFFFFFE6028FFF0BFCFEC00
0000000000000036FFD42C580000
0000000001303663FFD938181B32
0000000000A524C2FFC42D2524C2
000FFFBB37278BA3FFDFC20991B1
000FFFFFFFFFFDC9FFE2B50DC000
000FFFFFFFFFD778FFDBB3A22000
000FFEAE5373C9B9FFE5C628D646
0000000000034B48FFD63352D200
0000000000000328FFB71FCA0000
0000691D13A64C4AFFEB4C523A27
000FFFFFFF3E0512FFCEB241FAEE
0000D3C2CE504231FFCA3C53C2CE
0000C0AA1C90D055FFD541C0AA1D
000FFFFFFFE36D69FFC4ABE494B8
000FFFFFFFF15C46FFC0A96A3BA0
000FFFFFFFFFEF34FFC7A9066000
00000039A19F3143FFD13AE6867D
000FFFFFFFFFEFDDFFC7A9011800
00007649BD274A39FFC73A6C937A
000FFFFFFD2D9CA0FFD4B63498D8
00000004612048ACFFE4428C2409
0000000000000032FFBD20C80000
000FFDD82CEE1C5EFFC0B409F4C4
000FFFE235B102DDFFB9AE6E5278
000FFFFFF108B629FFF0C56F749D
000FFFFFFFC603A2FFCEB167F178
0004E500ACA59188FFD3421CA016
0000000000000000FFEF00000000
000FFFFF7ACAC1D1FFDEBE05353E
0000000000004BD1FFEC3C97A200
000000016D196F59FFD53A368CB8
0000002464257C23FFBA2F119096
0000000000000000FFE700000000
000FFFFFFF776555FFC2AC089AAB
000FFFFFFFFC4277FFEBBDEF6240
000FFFFFFFFFE6C6FFD8B1C9D000
000FFFFFFFFE6165FFE9BC4F4D80
0000000003B592AFFFE73FED64AC
000FFFFFFFFFFF1DFFEAB8630000
00000000005D9727FFC52D3B2E4E
000FFFFFFFFFFFFAFFDCAEC00000
0000000000000021FFD32B840000
00000000000000ABFFC6262B0000
0000A12DFA42764CFFC137A12DFA
000F8AAAFE9C98BBFFD2BFEAAA03
000FF1F8C012854BFFD7C0E073FF
0000000000000028FFF23B200000
000FFFFFFFFFFFFBFFDDAF200000
0000000000000000FFC100000000
0000000064978CA3FFDE3DC92F19
00000023D7EE5AAFFFD83E0F5FB9
000FFCEBBA11C2F5FFC4B645117C
000FFFFFFFF16D34FFD2B2692CC0
000000038C1C824DFFBC2E630721
000FFF44D5B8FFD7FFBEB23B2A47
000000002D17DC2AFFCB33B45F71
0000079602CFC351FFDD4372C05A
000000000000041AFFD32E034000
00001182A118AC3DFFBE348C1509
000000000029AF41FFCD30A6BD04
0000000018B01A8DFFE9424580D4
000FFFFFF11DDBB3FFC3AEEE2245
000FFFFFFF45C87DFFC3ACBA3783
000FF951ED0FBBD3FFC6B7D5C25E
000000009D824CCCFFBE2E1D824D
000000001E630F5BFFC93273187B
000D0A68845D39ABFFEACD3D65DF
000FFFFFFFFFFF2CFFE4B5540000
000FFFFFFFFFFFFDFFC1A0C00000
0000000000000000FFBA00000000
000FFFFFFFFFFFC1FFD4AC7C0000
000000000003CCFCFFBC26733F00
00000000EBE73153FFE943EBE731
0000000000000000FFB800000000
0000000000000540FFD52F280000
000009D0D569AB66FFEC4B1D0D57
000FFFFF9A96A122FFF2C7CAD2BE
000FFFE8BECC2253FFC0B1BA099F
000F508BC540647EFFC3B8AF743B
0000001C3A61503DFFC433E1D30B
0000000000001433FFC327219800
000000005DB6E51FFFE7423B6DCA
000000000000890DFFE238090D00
000516EA5D1F07DAFFBF3822DD4C
000FFFFFFFB670DAFFC0AA931E4C
000000005D0008F7FFD93B3A0012
000FFFFF9A991525FFE4C0CACDD6
0000000019F07DC6FFE43FCF83EE
000FFF8F6647E9EAFFDDC1613370
000FFFFFFFFFEA2CFFBDA42EA000
00009B49A11099EDFFF04F1B49A1
000FFFFCFE5C646AFFD2B94068E7
000FFB82083EAE48FFEAC98FBEF8
0000000000001727FFC628B93800
000FFD956159B112FFBCB21AA7AA
000FFFFFFE6B3752FFBCA9CA6457
000FFFFFFFFF8578FFF3C0751000
000000000000000DFFC925D00000
000FFFFFFFFFF965FFBEA3D36000
000FFFFFFFFFFFC4FFE2B3700000
0000000000000007FFD42AE00000
000FFFFFFFFFFEF6FFBBA1050000
0000000000064537FFF34248A6E0
000FFFFFFDA9F300FFC2AD158340
0000000000000033FFDE314C0000
00000010B8F76C6CFFBC2F85C7BB
000000000017C23FFFBB273E11F8
0000000000B35BB1FFE13BB35BB1
000FFFFFFFE01EC3FFEFC17F09E8
00000001000AB9C1FFCE3680055D
000000004080F27CFFED450101E5
000000225EC4BFF8FFD73D897B13
000FFFFD9BC86450FFD9BC990DE7
0007392867EC5132FFBA35E7250D
000FFFFCE30A2E8CFFEBC5C73D74
000000000000001BFFEE38D80000
00001325FEF87C49FFC236992FF8
00000000002247C0FFC82E091F00
000FF0B2A62B9555FFC6B874D59D
000000045920643EFFF2498B240D
00000001C576C8D6FFBE2EE2BB64
000FFFFFD202F057FFE1BEB7F43F
00001BCDDFF285A7FFBC33DE6F00
000FFFFFFFFFFFFFFFEBB5000000
0000000008BF8EA9FFEE440BF8EB
000000000053C535FFDE39A78A6A
000FFFFFFFFFFE2EFFE2B4E90000
000FFFFF828A6E9FFFC6B1FAEB23
000FFFFFFF32CF73FFC1ABCD308D
0000000023C6DEBFFFEE450F1B7B
000001F8F8FFD3CDFFDE42FC7C80
000FFFFFD2F14652FFECC4343AE7
0001312202989B00FFBD36189101
000FFFEC48CA55C2FFCDB81DB9AD
000FFFFFFFFFFFD9FFC4A41C0000
000FE6A24848A3E7FFC8B9CAEDBE
000FFFFFFFFFE9B5FFD4AFB25800
000FFFFFFEA71FD7FFBDAA2C7014
0000000000000000FFE600000000
000FCB2D4696FE6AFFD1BED34AE6
000FFFFFFFF8959DFFDDB76D4C60
0000000000000326FFCA29498000
000000000000005CFFF33C380000
000000002684A9E3FFE03E1A12A8
000FFB313D5ABF7FFFDCC299D855
0000000000000000FFDD00000000
0000000035BE8AB4FFC43056FA2B
000FEF1AB3347B06FFE2C6872A66
000FFFFFFAC1CBB9FFCEB3A7C689
000FFFFFFFDE428EFFCDB086F5C8
000FFFFFFFEBCC5BFFC5AC219D28
000FFFFFFFFFF42DFFBBA2BD3000
0000001688A3F9D8FFDA3EB44520
000064AEBBBA3A45FFE348495D77
00000008ACE268EFFFE5438ACE27
0000000000000041FFE535020000
000FFFFFFFFFC2DAFFC8AA749800
000FFFFFFFFFA77BFFDFB6310A00
000FFFFFFFFFFFFEFFBC9E000000
000FFFFFFFFFDBB8FFC2A7112000
0000F16C2B5A9C5BFFBC35716C2B
0000000000000008FFF139800000
000A4AF2CF62C33CFFF0D0B6A1A6
0000000062138BB7FFD539442717
000FFFFFFFFFFFFFFFCDA6000000
000FFFFFFFFE283AFFC1A86BE300
00001816EB83D59CFFD03DC0B75C
0000000000001A1DFFF33F50E800
00000000000006C7FFCD2B58E000
0000000048500087FFBA2B90A001
0000000B2CA74101FFB92DB2CA74
000FFFFFD912B723FFE8C21BB523
000FFFFFFFE721E8FFE1BA46F0C0
0000000000000000FFD200000000
00000078EC591E38FFEB4871D8B2
0000002927953613FFEC48249E55
000062367B57786DFFB732446CF7
000FFF9B51DAF8ECFFBAAFC95C4A
000000000000178BFFEC3BBC5800
0000000000000005FFEA35A00000
0000000000000056FFE7362C0000
000001BF69B8434FFFD33D5FB4DC
000FFFFFE0ECFAABFFBAAAF8982B
000FFFFFFFFFF663FFD2AE19D000
0000000000000550FFBF242A0000
000000000000000AFFB81D200000
000000000004BCB5FFEC3E9796A0
000FFFFFFFFE79F5FFBCA5C30580
000FFFFFFFAD1105FFF3C425DDF6
00000000AC15F86CFFE4412C15F8
0000000000007E82FFC82AFD0400
00000000004BE980FFE53D17D300
00000011FDC7FB28FFC5340FEE40
000001A7045DFC24FFEE4AD3822F
00000000000003B0FFBE236C0000
000FFFFFFFFFFFF5FFD5ABB00000
00086B3DF3B918B8FFCCBEF29842
000FFF9CBA8410BFFFE8C6C68AF8
00000000000012A6FFDB33153000
00000019AEE1BC68FFE443CD770E
000FFFFFFFC675B4FFE8BE662930
000FFFFFFFFBE056FFBEA783F540
000FFFFFFFFFFEE6FFDDB20D0000
000FFFFFFFFEC72AFFBBA51C6B00
000FFFFFFC5D627DFFBBA9E8A761
000000005C433B5AFFF046B88677
000FFFFFFFF1A38CFFE3BAE5C740
000FFFFFFFFFFFF9FFCAA5E00000
000FFFFFFE71ABF1FFE9C0472A08
00000000000003D1FFE637744000
000FFFFFFFFFFC3EFFDFB3F08000
00006E01696030CFFFF04EDC02D3
00000000000005B7FFF23DB6E000
0000000000000000FFD700000000
000FFFFFFF88247EFFEDC16FB704
000000001E3E4B8EFFC93271F25C
000FE3195CB64C02FFBBB367351A
00000000002DE03DFFC32BB780F4
000F87337174386BFFF1CF71991D
000FFFFFFFFFF0A3FFDBB2F5D000
000FFFFFFF469C03FFD6B63963FD
00000000000CD519FFE139CD5190
000FFFFFFFFFDF68FFD0AE026000
0000000000000E68FFEC3B668000
00000723CDCBB512FFD33E6479B9
000FFFFFCC8498BDFFE7C1CDED9D
000FFFFFFE443264FFDCB9DDE6CE
000000005C567282FFBD2D38ACE5
0000000000019224FFEE3EC91200
00000000000001D0FFD22CE80000
000FFFB671C3BC87FFE8C6931C79
000FFFFFFFFDF6CBFFC8AC024D40
0000DA3C5EA072A3FFF14FDA3C5F
0009901E9CE22F18FFC4BACDFC2C
000FFEF8A0EB6BC9FFBAB083AF8A
000000000000C9A9FFED3DC9A900
000FFFFEF9D90EC9FFDBBD031379
000FFFFFFFFFFFFCFFEEB7800000
00000000000020E3FFBD24838C00
000000001BA6E36AFFC7315D371B
0000000000000002FFB81C000000
000FFFFFFFE0E735FFBAA6F8C658
000FF924E8C0DC3EFFE1C55B62E8
000FFFFFE1967F23FFCDB4734C07
000000000000061DFFC024C3A000
000000000002851EFFD432214780
000FFFFFFFA07328FFDDB93F19B0
0000010C3752ECF7FFD23C861BA9
000FFFFFAB652082FFD3B82935BF
0000000000167F5EFFCE30B3FAF0
000F84258890F112FFCEBDF7B4EF
000F6206E22CBC9BFFBFB69DF91E
000000000000003CFFB71DF00000
000FFEF5CD8B00BEFFF0CB85193A
000FFFFFFFFFFFFDFFB89C400000
000FFFFFFE0F4148FFEDC2785F5C
000FFF23C3C33910FFBDB1DC3C3D
000FFFFFFFFFFFE5FFD3AB580000
0000000005D31AA7FFF044BA6355
00019D41F84A47E5FFD642CEA0FC
00068C032A98228BFFBE37D18065
000FFFFFFFFFFF5CFFD2AC240000
000FFFFFFFFFF5F5FFBFA4A0B000
0000000028F50D75FFC22F23D436
0000000000000002FFE130800000
000FFFFF25CD36E7FFBAAC5A32C9
000FFFF8F50C9FABFFD1B9615E6C
000FFFFFBBE051DBFFEFC6083F5C
000FFFFFFD4481F2FFE6BF2EDF84
00000000000011F9FFCE2C8FC800
000FFFFFFFFFF4F3FFB9A1B0D000
0000000290F681C7FFD339A43DA0
000FF88F602ED95BFFC6B7EE13FA
0000000045F16AE1FFEA438BE2D6
00000FC573A45E91FFDA427C573A
000000053341CB25FFEC46A66839
0000000000000000FFF100000000
00000000000000FFFFD62E7F0000
000FFFFFFFFD3E1DFFD7B3B078C0
000FFFFFFFFFFFFEFFCCA6000000
000FFFFFFFFFFF4CFFBAA0340000
0000000000000370FFC727DC0000
000FFFFE987602D9FFD3B933C4FF
000FFFFFFFFFFFFEFFBA9D000000
000FFFFFFFFFFEBFFFD6AEA08000
0000000000F4FBD8FFEF42F4FBD8
00012B2496B15643FFE64A95924B
000FFFFCDB7A6E8DFFD6BB492164
000FFFFFFB7BCB5DFFDAB9908694
0000000001844C01FFE33D422600
000000008D74BA5CFFF1478D74BA
000FFFFFFFFF2EF8FFC7AAD10800
0000000015CB4FE7FFC22EAE5A7F
000FFFFFFFFFFFC4FFC5A4F00000
000FFFFFF265D91FFFC6B059A26E
000023C746295C45FFF34F8F1D19
000FFFFFFFFFF8B2FFC8A8E9C000
00000000001F918EFFDA36FC8C70
000FEF6AB6F5D97AFFBDB404AA48
0000000000018A4AFFD733452500
0000000000000946FFDF34946000
000A53645255E814FFEECFB59376
00000000003D0CCBFFE53CF4332C
0000000000000000FFDD00000000
00000007FB70223DFFDA3DFF6E04
000FFFFFE484F434FFD7B95BD85E
000000000071E778FFDD3963CEF0
000FFFF5460A10FFFFBCAF2B9F5F
000FFFFFFFFFFE87FFC3A53C8000
000000000B8CC473FFDB3AB8CC47
000FFFFFFFFFBB16FFD6B189D400
000F6895C7D86E0FFFB8B3176A38
000002E3F46C5C19FFCC3A38FD1B
000FFFFFFFFACF20FFE7BC261C00
000000000000736CFFEA3BE6D800
000FFFFFFFFF1E9DFFC4A9616300
0000000000000000FFDD00000000
0000000000000415FFED3B02A000
000FFFFFFFFFFFF8FFECB7000000
000FFFFFFFF76C14FFE3BA893EC0
000FFFFFFFD0F4ABFFCBAFBC2D54
0000000000895AABFFBC29095AAB
000FFFFFFFFFFFE8FFCDA8400000
000FFFFFFFFF2085FFBBA4DF7B00
00000000007A4663FFE13B748CC6
00000000004ADACFFFB92715B59E
000FFFFFFFFD5CB6FFF3C1A8D280
00000000000128CBFFBD26146580
0007A57256B62E55FFD74474AE4B
000000000179FFD7FFC52E3CFFEC
0000000116756C19FFC8338B3AB6
000FFFFDF49267E4FFC5B282DB66
0000000000000002FFE733800000
000FFFFFFFA81B53FFC8AEAFC95A
000FFFFFFF9369F8FFBAA7D92C10
000FFFFFF25058B5FFD1B5DAFA75
000FFFFFF72F30C5FFE9C18D0CF4
000000032B7AABF8FFBF2FCADEAB
000FFFFFFC6F8B6CFFB8A8641D25
000FFFFB8C66FC94FFBDAF0E7320
000FFFFFFFFFFB19FFBFA41CE000
000FFE2011458392FFC0B3EFF75D
000F06A1E8B91E1BFFBAB4795E17
000000000002EB52FFEA3D3AD480
000000000000006EFFE3345C0000
0000000000132E42FFE039997210
00000000069C2CC7FFD838D38599
000000000000000DFFB81D500000
0000000000002DA1FFCF2DB68400
0000008FB18948C1FFD63E0FB189
000FFFFF1D160F93FFCEB662E9F0
000FFFFFFFFE5891FFCEAED3B780
000000000FBEC975FFCF34FBEC97
000FFFFFFFFFFFF4FFC5A3C00000
000FFFFFFFFEDE19FFE5BA10F380
000FFFFEB17084ECFFE2C0A747BE
000000000000012AFFCB29150000
00000000001DD796FFCE30EEBCB0
0000000000000004FFC623800000
000FFFBFE4C3B344FFCAB7803679
00000D9AF877CAEEFFCC3B59AF87
00000000000000DDFFDA305D0000
0000000000000000FFD400000000
0000000096234225FFED45962342
000FFFE08044B177FFE5C47BFDDA
00000000000007F7FFB820FEE000
00000005D6DBA7A4FFBA2DBADB75
00000000000000AEFFF33CAE0000
00000000000002CDFFD830334000
0000000000000C48FFD931C48000
000FFFFFFFFFA2F7FFC9AB3A1200
000FFFFDA438572BFFE9C496F1EA
000FFFFF8CBAE752FFC6B1E68A31
00000000000000D6FFD82F560000
00000C3D5452184BFFF04D43D545
000000000001CEC6FFC329676300
00000000000003D6FFDE33758000
000FFFFF1CA3EACCFFF2C8635C15
0000A8C8D16B7ABFFFC03728C8D1
000FFFFEF912CD20FFEEC6837699
000E19C8805DD32CFFB7B3731BC0
000000015B2D388AFFD53A2D969C
000DAD7F6D869E5AFFB9B494A025
000FFFFFFFFFF95CFFDCB2D48000
0000519A336850CFFFE247A33467
0000000D1E853A6DFFC23251E854
0000005D0C3E857BFFB82EBA187D
000FFF840935E106FFEFCA77ED94
000FFFFFFD888ED4FFCCB21DDC4B
000000000000EC3DFFDF36EC3D00
000000000001238DFFD73311C680
000FFF73BF142758FFC0B30C40EC
000FFFFFFFC4D71AFFEEC16CA398
000FFFFFAF5D3791FFBCACA14591
000FFFFFFFFFDA7DFFEABB160C00
000FFFFFFFFFFFF3FFE7B4D00000
000FFFFFFFFFEAC6FFE3B729D000
0000000001EBD221FFD53675E910
0008A49FC51565BEFFDEC7EB6C07
000000000000183DFFC72941E800
000FF9D9E87BD3ACFFB8B0C4C2F1
000FC85992798F4FFFDAC35E99B6
0000000000000009FFB81D100000
000000000A17F31FFFE43F217F32
00001D09028C3249FFBE34E84814
00000000003C938FFFC22B724E3C
000FFFF7EEBD290AFFD8BD01142D
000FFFFFFFF711E9FFE0B90EE170
000FFFFFFFFFFE5DFFDCB1D18000
000FFFFFFFFFFFFBFFEAB5A00000
000FFF6461864679FFEBC89B9E7A
00000000000019F3FFCB2B4F9800
00000097AC2576CDFFC83717AC25
0000000000000078FFCC28F00000
0000000000000002FFC924800000
00000062FC57EF04FFD13B45F8B0
000000000356465FFFC830559198
000FFFFFFFFFFFCCFFE5B4D00000
0000000000035F89FFE43A57E240
000000000043B6EAFFF143076DD4
0000000000000000FFE400000000
000FFFFFFFFFFEAAFFE3B52B0000
000E51DCC21E2170FFE5CA57119F
000000000000193CFFE437C9E000
000FFFFFFFFFFF4DFFE8B7330000
000CF01F6A0780D2FFD0C043F825
00048ACFD62536A6FFEF501159FB
0000000000000000FFE300000000
000F4B7944E5DAADFFEACC3486BB
000FFFFFFFFFF9FFFFEAB9C02000
0000269278B437D5FFE84A1A49E3
0000000000000000FFC000000000
000FFFFFD352853CFFD2B732B5EB
00000007A4DDBCBCFFE744749BB8
000000001E10FADBFFE7417087D7
000FFFFFFFBD20EBFFC5AD05BE2A
0000001A7B342606FFD33B53D9A1
000FFFFFFFA64F55FFE7BE336156
0000040634E82664FFBB3200C69D
0000000000000075FFEF3A6A0000
000FFFFFFFFFE603FFC6A8CFE800
0000781A698A7A97FFF14F7034D3
000FFA3FAC12B52BFFE1C5380A7E
0000000000000000FFB700000000
00000000000FD7F8FFDE387D7F80
0000E3957414E01BFFC83B639574
00000000000008ECFFE8390EC000
000C1EF0640C2587FFF1D0F843E7
00000000000000CCFFE6364C0000
000FFFFFF286832DFFE7C0D797CD
0000000000000004FFDD2F000000
000FFFFFFFFFFFFAFFE7B4400000
0000000000000008FFB91D800000
0007B424F489AF06FFBC36F6849F
000002324FC93E2AFFDC420C93F2
000000000010D161FFCE30868B08
00001BAA61B40128FFE7495D530E
0000000000000001FFC321000000
00000EA6091EA1D7FFCA3A6A6092
00000000000D4E37FFBB26D4E370
000FFFFFFFFFFFF8FFF3BA800000
000FFFFFFFFFFFEDFFE5B4180000
000FFFFFEBD8C090FFE6C0A139FC
00000000000001AEFFC224D70000
000000000002FA37FFB8243E8DC0
000FFD913FFFA41AFFC9B89BB000
000FFFFFFFFF7AF3FFEBBC850D00
00000000000A7CE9FFD23227CE90
000000000000006CFFE635D80000
0000000002BA3354FFBD2AAE8CD5
00000000002AE778FFCF31AB9DE0
000FFFFF93B1B2DAFFC6B1D89C9A
000FFFFFFFFFFDB9FFD5AE91C000
0000000005FCC359FFD9393F986B
0000000000000120FFC727100000
000FFFFF24F0E218FFC8B35B0F1E
000FFFFF69F11797FFECC5160EE8
000000000000000BFFEE38300000
000000012E937DDDFFD73B1749BF
000FED5D051B7387FFE0C59517D7
000000000000003EFFD22B780000
000FFFFFFFFFB887FFE0B68EF200
000F85F88D198713FFEDCD740EE6
000FFFD789FA33B3FFE9C6A1D817
000FFFFFFFFFFFFEFFE6B3000000
000B29EEDFC63083FFCFC01AC224
000FFFFFFFEA937BFFE7BD2B6428
000FD827752C1256FFD2BF1F622B
000FFFFFFFFF17D3FFE8BB682D00
000FFFFFF9FEA8AAFFEEC3C02AEB
0000EF56E1953DFAFFBB34EF56E2
000FFFFFE7297DECFFCAB2C6B411
000FFFFD0F6B7029FFEFC7BC2524
000000000000059BFFE537336000
000FFFFFFFFFFFFAFFEBB6400000
000FFFF8E38CC562FFEBC6638E67
000FFFFFFFFFCE4CFFD1AEC6D000
00000194A667E9AAFFD9404A5334
000FFFFFFFBE8AE5FFDAB782EA36
0000033F7D13790AFFCA394FDF45
00000434553046BFFFBD33068AA6
000FFEFE33C66BD5FFE2C480E61D
000FB93C93BFE2ECFFBDB50D86D9
000FAC55563B5F1FFFCCBCA75554
000000181D5363EAFFBB2F40EA9B
000FFFFFFFA9DAC5FFDAB7AC4A76
000FFFFFFFF896BAFFECBEED28C0
000FFFFFC44894F9FFE4C06EDDAC
000FFF989C235F28FFD0BACEC7B9
000000000ABC8246FFDE3C2BC824
000FFFFFFFF89EEBFFF2C1EC22A0
000000000000004CFFDE31980000
000FFFFC4E21C5ABFFBFAFEC778F
000FFFFE30ECEF3FFFDCBDE78988
000FFFFC262C99B1FFDBBDF674DA
000000AE14DE459DFFD53DAE14DE
0000000000000480FFDC32900000
0002186250873BA8FFB834061894
000000852F1D29BDFFBC31052F1D
00007608723783A9FFE247EC10E4
0000000055B00B5DFFB92B2B6017
000000000000002FFFC2233C0000
000000000076E4DFFFCC30EDC9BE
000000003A3E6478FFBA2B68F992
00000000192198EFFFEA42C90CC7
00000000000025CAFFDD34972800
000FFFFFFFFFBED6FFE0B6825400
000FEDD5348BC869FFF2CE91565C
000FFFFFFFFFFFF9FFBFA0600000
000FFC43623A1431FFECCA6F2771
00000005003F40B8FFD53B2007E8
0000000000001505FFC528282800
000FFFFFFCE98C9DFFCEB3459CD9
000F66001187591EFFCCBD19FFEE
000FFFFFFFFEE79CFFD5B20C3200
0001FC002FC99211FFF3517E0018
000FFFFFFFFFFEACFFD7AF2A0000
000FFFF37F72FCDCFFC9B5C808D0
00000000001C4C6FFFDC37E26378
00000FA751A72ABAFFC135FA751A
000009D48D2BEC9FFFC8391D48D3
000015F12B94E757FFD7412F895D
000000002F427AF9FFE03E3D09EC
0000E8D75F13BA5AFFCE3E68D75F
00000000000103FEFFCB2D01FF00
00000000006D8E2DFFD5355B1C5A
000FFFFFFFFBF6BCFFDBB6012880
000000000000001EFFB91E700000
000017B2FA8FC07DFFCE3CBD97D4
000FFCB503A589D4FFC6B752BF17
000FFE734E31DBDBFFDFC34658E7
0002EED6C118028AFFE54ABBB5B0
000000EACDACFF92FFEC496ACDAD
000FFFFFF20F8C03FFCCB35F0740
000FFFFFFFFFFFFEFFBA9D000000
000001607EF4AAFBFFE144303F7A
000000000000070CFFD22DE18000
0001A846A51B8FF3FFED4E542353
000000000075E08FFFDF3A6BC11E
000FFFFFFFFFECD3FFEFBD196800
000FFFE4728EDCBBFFC9B65C6B89
000790916844B680FFE94D72122D
000FFFFFFE85B425FFE5BE3D25EE
0000167E12C0CD11FFE045B3F096
000FFFFFFFFFFFFEFFE0B0000000
00000000114E792DFFE03D8A73C9
000FF7628E61786BFFC5B789D71A
000FFFFF23719066FFE5C1DC8E70
0000000000000003FFC723C00000
000FFFFFFFFFFFF5FFF0B9300000
0000003C96A8EFC0FFE846725AA4
0000000008F1D6A4FFE53F8F1D6A
00055D310A02BAD3FFC239ABA621
000FFFF6ECA1A59EFFE5C39135E6
000F8CB588EAAE3FFFE3C86694EE
000000000000000AFFE935A00000
000FFFFFFFFFFF9DFFD5AD460000
000FFFFFFFF2970AFFC2AA568F60
0000000000549F04FFCE31A93E08
0000000005E4C9F8FFBF2C3C993F
000FFFFFF6226B70FFC7B09DD949
0000479292993496FFCB3C0F2525
000FFFFF339700E4FFEFC6CC68FF
0007996BC5AAD1B9FFC33A732D79
00023A5EA6AD93EFFFD0400E97AA
000FB194F5B006BAFFE3C81CD615
000000000000000BFFF23A300000
0000000000258634FFEF419618D0
0000004F40EA738BFFEF4A1E81D5
00000009C7117B33FFC7349C7118
000FFFFFFFC5BE4DFFBCA86906CC
000FFFFFFFE2573EFFCCAFED4610
000FFFFFF6A18E12FFD2B615E71F
000000000000051AFFC125234000
000006E7AC38DFB5FFF14D5CF587
000FFFFFFFFFFFD3FFCBA7B40000
00000002938FEB39FFD93CA4E3FB
00000B17A3E8A33BFFF14DB17A3F
000FFFFFFFFFB274FFE0B69B1800
00000000000001B4FFE1345A0000
000000053AE98A52FFE945275D31
000FFFFFFFFFFFE3FFE8B5E80000
00000000000094A9FFE23814A900
000FFF5CA77E2AAFFFBFB2A35882
000E8502D096547CFFC5BA3D7E98
00000000B0076C79FFD137B0076C
0000001147009F05FFD13A0A3805
00028C200164F1E0FFE349A30800
00000129533B3BD5FFE64694A99E
000FFFFFFFFF36D7FFDCB5492900
0000000000000006FFCC26C00000
000005386FAD4DEFFFB730270DF6
000FFFFFFFFFFF40FFDDB1C00000
0000000000000007FFD028E00000
000000000582ABD2FFE53F30557A
000FFFFFFFFFFF8FFFE0B2E20000
000B65CCF8D75EDDFFCBBE134661
000000001109710AFFCA32884B88
0000000000000000FFD000000000
000000000000000DFFE332D00000
00000000000002A2FFC426288000
00000000007A4BF7FFC52D7497EE
0000000000000978FFD730978000
000FFFF8489526AFFFD9BD76ED5B
000075FA99E54BFDFFB832EBF534
0000000000000A54FFE638254000
000F3ED900803A57FFE4C94126FF
000F001294813591FFF3D0FFED6B
0000000000003089FFCE2D422400
0000000000006D5BFFD02EDAB600
000FFFFFFF9EDE95FFC1AB4242D6
000FFFF574DA1438FFBDAFA8B25F
0000000000000003FFCB25C00000
000C7F1BFF304CCDFFF1D0E03900
000000000388D93EFFB828623650
00000000023D6F07FFF0440F5BC2
000FFFFFFFFC32F8FFE6BB734200
000000003AF0B64CFFBD2CEBC2D9
000FFFFFFFFFFE32FFDFB3670000
000ED2F9535AE744FFC4B9968356
00000F782DBB0293FFF34EF782DC
000FFCC8DD178E7DFFF3CDCDC8BA
0000000000000000FFC100000000
000FFAEF06779CFFFFD5BF221F31
0000000000002D0CFFCF2DB43000
000FEEC3950D1196FFCEBC89E358
0000000000000F19FFE336F19000
000FFFFFFFFFFFF4FFB89D400000
0000000000000002FFEE37000000
000FFFFFFF97EAA6FFF2C3D02AB4
0000000000556D14FFC12B2ADA28
000FFF558ECF5EA6FFE0C32A7131
0000000000000A2CFFD730A2C000
00000000C01C0FDFFFF348C01C10
00000001181F0999FFD0378C0F85
000FFFFFFFF87E3DFFD9B5703860
000000000006B1ABFFCA2DD63560
000FFFFF8796A313FFBAABF0D2BA
000FFFFFFCF94077FFE3BDC1AFE2
00000000015AEC98FFF3452D764C
000FFFFFC03E3B1AFFD7B9FF0714
000FFFFFFFFFD52FFFC2A72B4400
000FFFFFFFFFFFBCFFCAA7880000
0000000000000001FFD62A800000
00000000000002F8FFD22D3E0000
000F4C5E6287B02BFFEACC33A19D
000FFFFFFFF85FDBFFD8B4F404A0
000FF843CC80D74DFFF2CDF78670
000FFFFFFFFFFF67FFC0A3190000
00000000BCF6D24AFFBA2C3CF6D2
0004FD3BBAA45F6AFFC43A9FA777
000FFFFFFDFA8158FFDCBA015FAA
000FFFFFFFFFFC48FFD4AE6E0000
0000000002B7ABADFFBA292DEAEB
00000000000078DAFFDF3671B400
0000000000000A78FFC326A78000
0003FD3B6090079BFFB934FF4ED8
00000F0A4E95F7E6FFC03570A4E9
000FFFFFFFFFF9BBFFD8B0C8A000
0000000000000C1BFFBB22C1B000
000FFFFFFFFFFFFEFFEFB7800000
00000000006DF0C8FFF3445BE190
00000001A9B2CBA1FFEC45D4D966
000000000000281AFFD02E206800
000FFFFFFFF415C7FFD1B1BEA390
0000000000000002FFF339800000
0003F3C4199F794EFFC83C7CF106
000FF08722F85087FFEBCAF78DD0
0000F05CC978EBC6FFE449705CC9
0000000000000000FFDD00000000
000FFFFFFFFFFFFAFFC8A4C00000
0000000005AEB8CFFFC62FB5D71A
000BC7812CC1E9E4FFC8BC870FDA
0000000000EA35D7FFC02B6A35D7
000FFFFFF0185F50FFD4B77E7A0B
000FFFFFFFFFFEA2FFDFB32F0000
0000000000FD0B4DFFC72EFD0B4D
000FFFFFFFFFE56BFFDAB2D4A800
00000000000AB375FFC42B2B3750
00000016C871A779FFDF4136438D
000FFC1C463C5405FFE9C8F8EE71
0000000000DD270AFFD736DD270A
000FFFFFFEE65C7FFFD3B50CD1C0
000FFFFFFFDABB67FFBFA9951264
000FFFE2415E10FEFFC6B4EDF50F
000FFFFFFF975271FFD3B4515B1E
0000069AAF6186DBFFCA39D355EC
0000000000000000FFD700000000
000FFFFFEB855DC3FFD9BA23D512
0000000000001517FFBF2528B800
0000000B74CE8FCAFFE644374CE9
000004F6F25D4C41FFB9311EDE4C
0000000000A0B63AFFE43D20B63A
000FFFFFFFCD0AB6FFCDB0CBD528
000FFFFFFFFFFF5EFFCDA9A20000
000FFFFFFFFFFFFEFFC6A3000000
000FFFFF12A806C7FFDBBCED57F9
000FFFFFFFFFFFF5FFF0B9300000
00000005784CA55AFFDB3E2F0995
0000000000000000FFD000000000
000000000055E25BFFEB402BC4B6
0000000000000004FFDD2F000000
000FFFFFFFFFFFFBFFEFB8200000
000FFFFFFFEA3327FFBEA8AE66C8
000FFFFFFFFFDFAFFFE5B8814400
000FFFF7D29D28E9FFC2B202D62D
000FFE2DAEF91C74FFD4BDE92883
000000275313EE3DFFDE411D4C50
00000003BAED23FCFFDE3F6EBB49
000000000BA19B31FFF145BA19B3
000FFFFFFFFFFF8DFFC8A6E60000
000000002380C5F8FFE8420E0318
000F14E26EF46C80FFE3C8EB1D91
0000EE154E3E3586FFDA446E154E
000FFFFE179022ECFFCEB6F437EF
0000000000002612FFD12E984800
000FFFFFFFFFF945FFC2A5D76000
0000000000000000FFEA00000000
000FFFFFFFFF85C4FFE2B7F47800
000FFFF9DCD38055FFDCBEC46590
0000003A7E25E2B5FFE84669F898
00000000335FA829FFD0364D7EA1
000332379CAFF1D4FFBE374C8DE7
000000000000856AFFC62A056A00
000000000FA3A329FFE6407A3A33
0000000000000005FFE935200000
00037C081B3F0B12FFC53ADF0207
0000000000000001FFE230800000
0000000CD4F8257EFFC4334D4F82
000FFFFFFFFFFFEBFFC5A4280000
000FFFFFFFFFFFFEFFCEA7000000
000FFFFFFFE61FC5FFC2AACF01D8
00000000008BFA7FFFDF3A8BFA7F
000FFFFCBCBC3B27FFD9BCD0D0F1
0000000000353CF9FFC02A54F3E4
000FED127635058EFFC9BA176C4E
0000000000000007FFEF38600000
000000000002FD72FFE63B3F5C80
000FFFF77725B78FFFD9BD888DA5
000007CAF158E8B3FFF14D795E2B
000FFFFFFFFFD2BBFFBCA4351400
000FB07E78295B96FFD5C11F0310
0000000000008AF9FFF3408AF900
0000000000000005FFDB2E200000
000FFFFFF57B01FCFFDDBBA84FE0
00000344FA65F23EFFE848513E99
00001E1305CDE90DFFBC33F0982E
00000043B67B5100FFE947076CF7
0000065421273BB7FFC3364A8425
000FDAB1451D7EA6FFCBBB953AEC
000FFFFFFFFE8E57FFBDA638D480
0000000000000017FFD12A380000
000000032D37B6E4FFD43A4B4DEE
000FFFFFFFFFEEAFFFCCAB8A8800
000FFFFFFF96F74FFFEBC0521162
000FCD242AC7C76CFFCABB4B6F55
000000127735D9AAFFE94613B9AF
00094165DA190404FFD1C157D345
000FFCA1D749D4A8FFCFBBD78A2E
0000000000D60CC8FFCC31560CC8
0000F07200938E03FFDF46F07201
000FFF8F80961447FFCFBA60FED4
000FC86BE7DFF153FFF0CE5E5061
000FFFFFEE08093AFFEDC40FBFB6
0000000000000000FFCC00000000
000FFEF5833AF3BBFFDBC1053E63
000000004C6D56AFFFDE3D98DAAD
0000000000000000FFD800000000
000000000004475AFFD93508EB40
0000000000000054FFD92F280000
0000000000000002FFD62B000000
000FFFFFFFF8CBF0FFD2B1E68200
000FFF7EC6654953FFC4B501399B
000000001AB19227FFC530558C91
000FFFFFFF13F830FFBDA9EC07D0
000009CF8BB21A4CFFDF449CF8BB
000FFFFFD758FB13FFCCB4229C14
00000634A2C72D3EFFDE43C69459
0000000000000000FFE900000000
000FFFFFFFE9BEFAFFB7A5320830
000FFFFFFFFFFFFEFFC6A3000000
000FFFFFC3AD7797FFDABB714A22
0000000FAE855A9CFFEE487AE856
000000000000003EFFE434780000
000FD4EE0AF2C8C2FFE1C6AC47D4
00000000036B2582FFCC325AC960
000FFFFFFFFF490EFFE5B9B6F200
0000000000059252FFD432B24A40
000601BD89DD7361FFC83CC037B1
000000000000019CFFD9304E0000
000FFFFFFFFD17EAFFC9ACBA0580
000FFFFFFFFFCB36FFC6A9532800
000FFFFFFEAF5AFFFFDFBB285280
000FFFFFFFFBF76BFFE3BA0112A0
0000000000000040FFCC28800000
000FD93278B042B4FFCCBC1B361D
000000164E84E8EBFFCE38B27427
000FE4D393A2DE95FFC5B8596363
0000E96B00A7D1AAFFC63A696B01
000FFFFFFE573011FFE6BED467F8
0000038BDEF3105AFFBC3262F7BD
00000001860F3B14FFCE36C3079E
000FFFFFFFFFFFFDFFEBB5C00000
0000000000A4DA5BFFBA2824DA5B
0001E4CF427E62AFFFDD467267A1
0000000119748220FFDC3D8CBA41
00000000000015BDFFDE34ADE800
000FFFFFFFFFFFE4FFD8ADE00000
0000000000000088FFE937880000
0000000000E65397FFD033665397
000000000266703BFFE33D999C0F
000FFFA6A7437D93FFD1BB32B179
0000000000000011FFF13A080000
000FFFFFFFF1FDECFFC4AB602140
000FFFFFFFFFFF91FFC7A65E0000
00000000000A0EFFFFE33AA0EFF0
0000000000000032FFE233480000
000FFFFFFDF0AAF5FFEDC283D543
0000000F9942964FFFD93DF99429
000FFFFFFFFFFFFDFFE4B2400000
000FFF3E6D14BEC4FFD3BCC192EB
000FFFFFFFFFFFFEFFEAB5000000
000FF000382D19C8FFBCB37FFC7D
0000000000005E6BFFBE25BCD600
000000000D4E20E1FFC02D54E20E
00000EEC230537DFFFC0356EC230
0000000000000000FFB900000000
000DCC9DDA318A64FFDCC60CD889
00000737E8327488FFCE3BE6FD06
0007FB36880419FBFFE84CFF66D1
000FFFFFFFFFF1D1FFE4B762F000
000FFFFFFFFF5A22FFCAAC25DE00
000FFFE90D807540FFDABEB793FC
000FFFFFFD2F36C5FFC0AC34324F
000FFFFFFF99FB27FFE8BECC09B2
0000000000000057FFE635AE0000
000000000000003EFFE534F80000
0000000000039BC8FFBB25E6F200
00003C8C09D46ECAFFCC3C723027
00003A91B9F213AEFFCD3CEA46E8
000FFFFFFFFFCA0AFFC6A957D800
00000001700064ECFFC833B80032
000FFFFE514DC3CEFFE6C2D7591E
000FFFFFFFB1C4CEFFCEB19C7664
0000000004B0AD37FFD7381615A7
000FFFFFF8366D55FFD8B8F93255
0000000000002006FFC528801800
0000000000000001FFC321000000
00000000000000A4FFCF2AA40000
000FFFFFFFFFFFE5FFD3AB580000
000C1BC596FAB6DBFFBFB7F90E9A
000FFFCB71C90DE9FFCCB85238DC
000FFFFFFFFF71F2FFE1B78E0E00
0000000F080373ACFFBD2FF08037
000FFFFFFFF83EE7FFC9AD782320
00007A6A59CEB990FFF35074D4B4
0000000042449B38FFD338048936
000FFFFFFFDDAECCFFBAA70944D0
00000000000001E7FFBD22738000
000FBF498F41D14CFFBAB3816CE1
0000000000000000FFD400000000
000000000006E7FDFFED3F5CFFA0
000FFFFFFFFFCEB0FFE2B7454000
000CBE79C3BD7811FFEFCFD0618F
000FFFFFFFFF97EAFFD2AFD02C00
0000003638910FE6FFE142D8E244
000FFFFFFEDF0412FFEAC0907DF7
0006F50A21B35A84FFC53B5EA144
000FFFFFFFFFFF20FFE5B5E00000
00000000BEAC4647FFCC353EAC46
0000000000015CA3FFC52A2E5180
000000008A2E942DFFE4410A2E94
000FFFFFFFF5D5EBFFD1B1A2A150
000FFFFFF941587DFFBDAB57D4F0
000FFFFE691004E0FFE6C2CB77FE
000FFFFFFFFEDF66FFD2B0904D00
000FFFFFFF9A2327FFD8B6CBB9B2
000FF86FA7671DB5FFDFC4720B13
00000026B193B0B0FFBA2F1AC64F
000FFFFFFFFFFF78FFD2AC080000
000000000000006FFFDE31DE0000
00000000001F1E3BFFEB3F78F1D8
000FE9FB217FBA60FFDAC2B026F4
000FFFFFFFFFFFFEFFD2A9000000
000FFFFF8CB3AAA9FFC7B26698AB
000FFFF588FD9766FFEDC7A77027
000000000016B9DDFFBE28B5CEE8
000FFFFFFFFFFF5BFFC9A7A50000
00000000006BBFE8FFD736577FD0
0000000000029858FFDF37A61600
000000C46C4CA9C0FFCB38C46C4D
0000000000000003FFC824400000
0000000000000000FFE200000000
0000000000016A9FFFE93C354F80
0000000000000000FFDC00000000
0000000000003857FFC92AE15C00
0000350844F1248FFFBF35D42114
000FFFFFFFFFFFF5FFEEB8300000
0000000000000000FFC900000000
000FFFFFFFFFFC42FFC9A8EF8000
00000000157622F4FFBB2B2BB118
000FFFFFE9B751CAFFECC3B24572
000FFFFFFFFFFF35FFCEAA4B0000
00000015DB4D0E52FFC835AEDA68
00000000030AC79BFFDB39C2B1E7
0000025F2309CA71FFDF4397C8C2
000FFFFFFFFFFFE1FFB89DF80000
000000000182689CFFD33541344E
00000000000029BBFFC126A6EC00
000FFE2213A57553FFD8BFEEF62D
000FFFFFBC657D16FFD1B7073506
000FF91D8A36282CFFCEBBDC4EB9
000FFFFFFFFFFF30FFE9B7D00000
00001C0C877F65DFFFCE3CE0643C
000FFFFFFFF9692BFFE6BBD2DAA0
00000000045CE678FFD9390B9CCF
000000000EBA4285FFCC336BA428
000003184DB8F7F1FFDA4146136E
000003D1E53A85A3FFBF33F4794F
000000000000005DFFC3243A0000
000FFFF680B1DD88FFBDAF97F4E2
000FFFFFFF89E782FFE3BC6C30FC
00000A04D7D6D691FFCE3C204D7D
000FFFFFFFFFFFFFFFEDB6000000
000FFFFFFFFDB920FFBFA791B800
0000000000003373FFD12ECDCC00
000FFFFFDDF0836DFFD8BA083DF2
000FFFFFFFFFEDE5FFC0A590D800
0000003891AE611CFFC936E246BA
000000000054246EFFD7362848DC
000FFFFFFFFFEC30FFCAAA9E8000
000FFFF65AAB94D4FFBBAE9A5547
0000052D668D9637FFC33625ACD2
000FFFEC8012EB29FFB7AD1BFF69
000FFCCEBC0A08A5FFD5BECC50FD
000FFFFFFFFFFFE5FFDCAFD80000
00012DD14EBE2D9DFFF25096E8A7
00000000036F76BDFFBA295BDDAF
0000000000000000FFB900000000
000FDD6C70CDCD5DFFEBCB8A4E3D
0002395A08058112FFDE470E5682
0000000001BAC389FFEB415D61C4
000FFFFFFFF02B90FFC3AAFD4700
00000CEDC72E6010FFEC4B4EDC73
0000000000A0FF10FFD03320FF10
0000052D0CE5599CFFCF3C25A19D
000FFFCA7523FD89FFEDC8D62B70
000FFFFFF99C97B3FFC2ADCC6D0A
000000000000008BFFE7368B0000
00000000502B0B1DFFE23FA05616
000FFFFFFFFFFF7DFFE7B6830000
000000000000064FFFC225C9E000
0000000000000000FFF100000000
0000000000000003FFF339C00000
000FFEEAC192F965FFD5BE0A9F37
000FFFFFFFFFFFC4FFC4A4700000
000FFFFA2A1DC57FFFD8BCBABC47
00010E9A4117587DFFE84B874D21
000FFFFFFFFDDF11FFCCAE083BC0
000FFFEA9CAEF752FFE2C2AB1A88
000FFFFFFFFDF9C3FFD1B0818F40
000000000003E0DFFFBB25F837C0
000000034856109DFFE743D21584
000000A40357C288FFBC31240358
000000000000019DFFEB394E8000
000000000001906BFFD532483580
0000000000001441FFE437A20800
0000000007C59CD0FFC02CF8B39A
0000000000000003FFD42A400000
000FFFFFC07D4744FFF1C6FE0AE3
00000000001E29B9FFB825F14DC8
000FFFFE7C4C292BFFB9AC41D9EB
0000000000053099FFE83CA61320
000FF5ACC661FD42FFD3BEA5339A
0000001629B0EFEFFFCE38B14D87
0000000000000026FFD92E980000
000FFF149985B47AFFE8C76B667A
0000001ACAC8F2CFFFC333565648
00000000000F6010FFC029760100
000FFFF62FB6C5E7FFE1C19D0494
000FFFFFFFFFFFF4FFBD9FC00000
000FFFFFFFFFFFFFFFDCAD800000
000FFFFCA4DC0DF9FFBDAED6C8FD
000FFFFFFFFFFFE4FFDFB1600000
000FFFFF8814CDE7FFF1C76FD664
000FF469A168A1A7FFDAC23965E9
000000000003360AFFBA254D8280
0000014F21752ABEFFCF3B2790BB
000FFFFFFFFFFFF3FFDBAED00000
000FFFFE5AF87269FFC4B1D283C7
0000BB504BA83EA3FFF2503B504C
000000002388A7D7FFEF458E229F
000FFFFFFF939B55FFE7BE58C956
00013B1857D2EA34FFDC459D8C2C
00000000000222F7FFDA3508BDC0
000FFFFFE3511C64FFD2B6E5771D
0000000000019A73FFCC2DCD3980
0000000000000000FFC500000000
0001BF26D90E767AFFE94C5F936D
00000003CE5DE3B3FFE040739779
00000000014C0CFCFFD234A6067E
000FB24DC4EBAC29FFDAC39B6476
000FFFFFFFA578C7FFCEB1B50E72
000F1E509AB00B50FFEBCCE1AF65
000FB31848BB6025FFC8BA99CF6F
0000000000000000FFEB00000000
000FFFEA59CA0536FFBFB12D31B0
000FFFFFFC5997B2FFC4AE699A14
000FFFFFFFFFFFC5FFC8A66C0000
000FFFDCB4C35F12FFEDC88D2CF3
000000000000001BFFDA2ED80000
000FFFFFFFFFFDA6FFCFAB968000
0000000000000048FFC324100000
000FFFFFFFFFFFFFFFC8A3800000
000FFFFFF8A4B31EFFBDAB6B699C
0000000000037B64FFDB35DED900
000FFFFFFFFFFFBEFFF2BB840000
0000000000000002FFD128800000
0000000000273D1BFFB9269CF46C
000FFFFFFFFF9426FFD9B357B400
00000000000076A0FFC5296D4000
000707E3F86FC6C6FFCA3DE0FC7F
000000000000780BFFEE3DF01600
000FFFFD34FA5074FFE6C332C16C
000FFFFFFC1BF312FFDFBBF9033C
000FFFFFFFFC3915FFF3C1F1BAC0
000CBE7BAD8B27E7FFB9B4D06115
00000000452D8351FFE5410A5B07
000FFFFFFFEA0334FFE7BD2FE660
0000000000000000FFC000000000
0000000000000000FFC100000000
000FFFFFFFFFD69AFFEFBDA59800
00000C8DBB75C2FFFFD43F48DBB7
000FFFFFB67DAB38FFECC49304AA
0003311C4EE5C0D7FFE84C4C4714
00000000000112EDFFD230897680
0000000000A18452FFB726A18452
0000000000000000FFDA00000000
000FFFF9DDA035AEFFDDBF444BF9
000FF0A7C6B989DCFFE7C8F58394
00000000000001D9FFD22CEC8000
00000113F34C8150FFC73709F9A6
000FFFDA54F3B346FFCCB816AC31
000FFFFFFFFF26F2FFCBACD90E00
000FFFFC1614C453FFE5C2FA7ACF
000FFFFFF8E4B56FFFCEB3E36952
000FFFFFFFFFD6A1FFC1A6A57C00
000FFFFFFFEE2034FFD4B38EFE60
000FF3A850FF7C7EFFB8B1457AF0
000000014CA0FBE5FFD13826507E
0000005030949342FFE344206129
0000000006CC9D68FFC52F5993AD
000FFFFFFFFFFFA5FFBDA1360000
000FFFFCE038278CFFCCB647F1F6
0000000003881F02FFB928E207C0
000FFFFFFDB66A88FFDDBA92655E
000FFFFFFFFFFFFAFFE9B5400000
000FFFFE3EE8AF3AFFE2C0E08BA8
000FFFFFFFFFFFB0FFD6ADA00000
000FFFFFFFDD7665FFCCB00A266C
0000000000038EFAFFEB3DE3BE80
000FFFFFFFF8A79EFFDBB66B0C40
000FFC3F391B9DE0FFBCB27031B9
000FBB326E3EC153FFD6C1899B24
0000000000000000FFE000000000
000FFFFFFF93ED52FFF3C458255C
000FFFFB42E5E2F6FFF3CA17A344
0000000000000042FFCE29840000
0000000002A604E2FFCE33298138
0000000000000001FFDF2F000000
00000000000B7F91FFBB26B7F910
00087B86271FD0F7FFB7B4708F3B
000FFFFFFFF0A2A6FFDAB675D5A0
000FFFFD7028A55AFFF3C9A3F5D7
000E2B55B4891744FFE7CB6A5526
0000000000049F27FFED3F13E4E0
00000F6DCA81792CFFE547F6DCA8
000000742398C5AEFFF34C684732
000FFFFC87C8535FFFC3B1DE0DEB
000FEE0C73EF10EDFFD9C20F9C61
000FFFFFFFFFFF87FFD6ADF20000
000FFFFFFFFD071BFFBBA5BE3940
000FFFFFFFFF3DC2FFD1AFC23E00
000206F8CFFA58FCFFD64301BE34
000F069D7E596013FFD1BFF96282
000A01C21166C1E1FFE8CCBFC7BE
000FFFFEDA050310FFEEC692FD7E
000000000000023DFFCE2B0F4000
000FFFFFFFABBD97FFEEC1A884D2
000FFFCA27142F3FFFCBB7D763AF
000FFFFE1FB03731FFCBB57027E4
00076F6A9A0E5A33FFD5436DED53
000FFFD9CFF433C6FFDEC118C02F
000FFFFFFFFFFFFFFFB99C000000
0000000000000097FFEE3A170000
0000000001558A55FFE03BAAC52A
00000000000002E0FFCA29380000
00000000F3E81D8DFFE84373E81E
000FFFFDFABE14BDFFF2C901507B
000000374845FFFDFFD63D5D2118
000FFFFFD8BA9769FFE8C21D15A2
000FFFFC533E16F6FFD6BB6B307A
000FFFF6F35CDC66FFD2BA10CA32
000001D3BB17F85FFFF04BE9DD8C
000FFFFFFFFFFFFFFFF3B9000000
0000000000000000FFD100000000
000FFFFFFFFFFFF5FFCBA6B00000
0000000000000000FFF300000000
000FFFFFFFFF3469FFE7BACB9700
0000000035550FF9FFD237555440
000FDA32B1F69B8EFFD9C2973538
000FFFFFFFFF261BFFD7B2D9E500
000FE198C56D31E5FFD0BDF339D5
00070C057977968DFFED4F6180AF
0000000013A62505FFE5401D3128
000FFE8E260992F1FFDBC138ECFB
000FFFFFDE41783DFFDBBB86FA1F
000FFFFFFFF37464FFC8AD48B9C0
000FFFFFFFFFFFE2FFF2BAF00000
000FFFFFFFFFFFF5FFBEA0300000
00000000077C9E2EFFD637EF93C6
00000000030BBB35FFCF33C2EECD
00010BADC116A36DFFF35105D6E1
0000000000028CE1FFC028233840
000FFFFFFFC5BC56FFC9AEE90EA8
000FFA34144567C3FFE0C4B97D77
000FCF1FA88295C8FFC0B643815E
000FFFFFFFFFFFFCFFE2B1800000
000000000003D496FFCB2DF52580
000880B93C03CD59FFC7BC6FE8D8
000FFFFFFFFFFFFCFFBE9F800000
000FFFFFFFFEC794FFE3B91C3600
000D9A3B2E6AD65FFFEACD197134
00000016BBADB9E9FFF24AB5DD6E
0000002E3FDC472EFFE544B8FF71
000FFFFFFFFFFFFBFFD9AD200000
000000000725F0E7FFD838E4BE1D
000FFD3B02F0BE3AFFE5C6B13F44
000FFFF520E684B1FFEBC6ADF198
000000000C7152F2FFD939C7152F
000FFFFFBD4099F6FFBBAC057ECC
000FFFFFFFFFFFF9FFD7AC600000
0000001D39FDA62FFFC232E9CFED
00000000021B6569FFC93086D95A
0000000000000011FFE031880000
000278E060AB28E2FFEE4F1E3818
000FFFFFF8846321FFE2BDEF739C
00000000017A1300FFBA28BD0980
000FFFFFFFF74022FFC0A90BFDE0
000FFFF34C5A6B53FFDDBFCB3A59
00001E71E379D84CFFCD3C738F1C
000FFFED6538EBF5FFB9AE14D639
000FFFFFD75C5CD7FFE2BF228E8D
000FFFFFFFFFDEC1FFD7B184FC00
000FFFC2E3261D77FFD6BD747368
000001E80090A045FFF34D740048
000001139C0C686AFFE74709CE06
000FFCB49D2AFA51FFE1C4D2D8B5
000FFFFFFFFFFFE9FFD8ADB80000
000E334F707BFA76FFB8B3E65848
000FFFFFFFFFFFFFFFD0A7800000
0000000000000000FFDF00000000
000FFFFFFE90CA83FFD4B5B79ABE
0000000000003CC1FFB822730400
000FFFFFFFF1BB4AFFC4AB644B60
000FFFFFFFFFE575FFBBA3545800
000FFF1E7D1CCD68FFCDB9E182E3
000FFFFFFFFFFF1EFFF1BBE20000
0000012C6AD6A1C5FFE74716356B
0000000000000B04FFBD23B04000
000FFFC1CA4C492EFFDABF78D6CF
000000000001C2A4FFB924615200
00000000697ABD84FFC33052F57B
0000050F8D34FCA2FFC13521F1A7
000000000000A7F7FFC529A7F700
0000000000000000FFE200000000
000FFFFFFFFFFFE6FFDCAFD00000
000FFFA82F3FAF2CFFE3C42FA181
00000000CA9D0351FFB92BCA9D03
000FFFFFFFFD97F2FFBCA61A0380
000FFFFFFFFFF8F9FFEDBB60E000
000000011D49929BFFC8338EA4C9
0000000001AC5D3CFFF144562E9E
000005791D6F0403FFC235AF23AE
000006FEE001F7FFFFBB325FDC00
0000FD5795B060A1FFDC457D5796
000FFFFFFFFFBBE7FFD6B1883200
000FFE08C3CC7C54FFC2B4FB9E1A
0000000000001A2FFFB821D17800
000FFFFFFDAA88BCFFB7A7955DD1
000FEF2951000109FFCDBC06B578
000000013A27D358FFF3491D13EA
000FFFFFFFFFFC18FFEAB97A0000
000FFFFFFFFFFFFEFFBC9E000000
000000217EB74FE9FFD53C85FADD
000FE25C4ADC32FEFFD5C06D1DA9
000FFFFFFFFFFFC3FFCEA9740000
000FFFFFFFFFF0CDFFC4A7733000
0000000000000000FFBB00000000
000FCAB63B352520FFE1C6D52713
000FFFFFFFFFF06AFFF3BEF96000
000E219F3CF1DA68FFCCBDEF3062
000FFFFFFFFF81C7FFC5A97C7200
000000003771D361FFEE455DC74E
0000000000007EDBFFEE3DFDB600
000000000B992E60FFEA423992E6
000FFFFFFF4FD525FFBEAA302ADB
00000000033D8721FFE53ECF61C8
000FFFFFFFFC3EE6FFEEBF704680
0000000000000004FFCA25800000
000FFFFFFFF45F38FFC6AC3A0C80
000FFE86425AEDD0FFBDB23CDED3
000FFFED589322F8FFCFB9153B67
000C0A38D25F65B6FFF1D0FD71CB
000FFFFFFFFFFFB6FFC7A6140000
00000000018C33D7FFE13C4619EC
000000000000000BFFF33AB00000
000FFFFFFFFC27D4FFDEB7760B00
00000000000100C3FFC92C006180
000FFFFF8B4CDC84FFC8B2E96647
0000000000000331FFD52ECC4000
000FFE7E821BEBE1FFE8C7C0BEF2
000FFFFFFF3F534EFFD3B4C0ACB2
0000000000000BB8FFDD33BB8000
000FFFFFFFE4EF86FFE2BAD883D0
000000000A5F45A3FFE13DA5F45A
000FFFFFB5634B47FFDABB953969
0000C6333853BA26FFE84B463338
00001F73E99D9127FFC3377B9F4D
000FFFFFFFFD24D5FFCFAFB6CAC0
000FFFFFFFFFFF89FFE1B36E0000
000000D9996AACEFFFBE3259996B
0000000000001D98FFB7216CC000
000FFFFFFFFFA3F9FFC1A7380E00
000FFFFFFFA96DA6FFC5AD2D24B4
0000000A696F5613FFB72CA696F5
000FFFADDDB727F6FFF0CAA44492
0000022F6A15486CFFC0340BDA85
0000018175360C6DFFED4A40BA9B
0000000000000120FFE536100000
000FFFFFFFFFFFFEFFCBA5800000
00000000062D8CA3FFEA41C5B194
0000000000000000FFEF00000000
0000000000000000FFF200000000
000FFFFFFF39234BFFF0C346DCB5
000FFFF181EAAA5FFFBAAE67E155
000FFFFFFFFFFEE1FFBFA30F8000
0000000000000000FFCF00000000
000FFFFFFFFFB1ABFFBEA59CAA00
00000003338A9E90FFDB3DCCE2A8
0000203BBE794620FFD13E80EEFA
0000000000004F89FFEA3B9F1200
000FFFF057C467FFFFD3BAFA83BA
000FFFFFFC7A59BFFFC2AD616990
0000000000000856FFCA2A056000
00000000000001AAFFEC39D50000
000FFFFFFF4603A5FFCBB0B9FC5B
000FFFFFFFFFFF9AFFD4ACCC0000
000112B5463ACA61FFEA4C895AA3
000FFFFB08A9FC0FFFDBBE1EEAC0
000FFFFFFFFFFFE3FFE1B2680000
00000000B4951DD4FFD93BB4951E
0000115EB1C8D5EAFFDF450AF58E
000000000000683EFFD330507C00
00001DAB09EE1224FFEB4B6D584F
000FFF0263F35A1DFFEAC87D9C0D
000FFFFFFFFFFB1BFFCFAC1CA000
000FFFFE39F71FC0FFC5B2630470
000FFFFFAA1B054DFFF0C6ABC9F5
000FFFFFFFFF55B7FFE9BBAA4900
0000000000000501FFEB3A202000
000FFFFFFFFFE0DEFFD5B0791000
0002879D4D64501DFFDC4621E753
000000000000055AFFE637AB4000
0000000000000001FFC421800000
0000033937E865DAFFD23D4E4DFA
000FB212E6950F38FFEBCC1BDA33
000000000000003DFFC022740000
000FFFFFFF967E87FFEEC1D302F2
000000000000002CFFD32BB00000
00042FF01B642445FFD64385FE03
000F1E3C37D93967FFE4C961C3C8
00000000000AF8E3FFB925AF8E30
0000000124344EE5FFD83B921A27
000000014138A39CFFBF2F209C52
0000000000000BE2FFEC3B3E2000
000FFE7210BC6D76FFCCB9C6F7A2
0000000000000000FFEF00000000
000000992ABE7C4CFFDB40992ABE
000009F4BA485B3DFFBA321F4BA5
0000000000000000FFED00000000
000005CFA1C5AAA5FFBC32B9F439
000FFFFFFFFFF865FFF3BE736000
000001E2006D7654FFED4A710037
0000000001F53794FFF3457A9BCA
000E7004168BB2F0FFD8C3C7FDF5
000000000000006BFFC022D60000
0005B76550161E3CFFBD3736ECAA
00000000000221CCFFD231087300
000FFFFFFFE438A3FFC7AD5E3AE8
000000001B29B4CDFFBC2BD94DA6
000FFFFC55BB8F4FFFD3B9EA911C
000FFFFFFFFFFFE4FFC5A4600000
0000000000000000FFD200000000
0000000000001D24FFBB23692000
000FFFFFFFFFFF81FFD6ADFE0000
00000FC9104D1676FFD23E7C9105
00040EA2B3F3EF76FFEF5001D456
000FFFFFFFFC22B2FFEBBDF75380
000007E76392D0B5FFCE3BFCEC72
000FFFFFFFFCBBCBFFB8A4510D40
000FFFFFFFFFFFE2FFE5B4700000
000FFFFFF49D6ABDFFBCAB362954
000FFFFFF9999BE7FFE8C0CCCC83
00002F285FF23AC3FFF34FBCA180
000FFFFFFFFFFFE5FFF0B9D80000
000FFFFFFF49880EFFBEAA3677F2
00000071649A4615FFD83EE2C935
000FFFFFFFFFFCD5FFDAB14AC000
000001519187BC2EFFE646A8C8C4
000FFC8DED09C4F5FFE3C5DC84BE
000FFE0C1FCDCEEFFFDEC2F9F019
000FFFFC8CF4202AFFF2C95CC2F8
000FFFFED4384918FFEDC615E3DB
00087639E0FF43B2FFE2C9F138C4
000FFFFFFFFFFFFEFFE7B3800000
000FFFFFFE2D1155FFCBB1697756
0000000000013F9EFFD3311FCF00
000000000000154FFFBA22AA7800
000FF65F59816366FFCCBB1A0A68
000019AFB55AD862FFF14E4D7DAB
0000000000000004FFEF38000000
0000047918BAFDF6FFE6478F2317
00000000000017C8FFCC2BBE4000
0000000000000002FFB81C000000
000FFF9572614771FFB8AED51B3D
0000000000000026FFE233180000
000000126F4289F4FFEC47937A14
00000091714FF238FFCB38917150
0000001B663AF8A8FFCE38DB31D8
000FFFFFFFFFFF96FFE2B3D40000
000FFFFFFFFFC7A0FFBEA5618000
000EA2D0CB050B04FFECCDAE979A
000FFFE20D7D1FD2FFF3CB6F9417
0000000000000001FFD92C000000
000006C0027B6AA8FFDC42D8004F
00000003EB9D0D84FFE2417AE743
000FB2AFDAE8AB53FFE2C79AA04A
000FFFFFFFFFFFDAFFD9AE980000
0000000006EDCF42FFC9315DB9E8
000FFFF9F0653125FFDCBEC1F35A
000FC95C759654CDFFE9CADA8E2A
0000005CB4B1F0A8FFCB38396964
000FFFFFFFF03BA0FFE3BAFC4600
000FFFFFFFFFFFF2FFC6A4600000
00069B60CEFC43FBFFE94D536C1A
0000160BE90D3560FFE94A305F48
000FFEB6341776F6FFBDB224E5F4
0000000000004184FFEE3D830800
0000000000054981FFCD2F293020
000FFFFFFFFFFFF7FFF1B9900000
00000000000002BCFFDD32AF0000
0000B6E7C8B4A3BAFFF04F36E7C9
00000000C81DAC88FFBA2C481DAD
00001EAA7F92991FFFF24EF553FD
000000000000000EFFD22A600000
0000004CBB059435FFF34C19760B
00048D2B9DA86BBEFFF35211A574
000FFFE74EF413FBFFC7B545885F
000FFFFFFFFFFFFFFFBA9C800000
000000000059959FFFC62DB32B3E
000FFFFFCEA42042FFC0AE456F7F
000EB0297D27FCE5FFECCDA7EB41
0002BCEBEE115572FFEB4DAF3AFC
000FF325DB630A96FFE7C8CDA24A
000FEFFFACC209FCFFC6B880029A
0000000000000030FFEF39C00000
000FFFFFFFEC000CFFD4B39FFFA0
000FB1EAEC262682FFEFCE1C2A28
000000000006C1EBFFD030D83D60
000000000000003AFFCF29E80000
0000000000000000FFDA00000000
0000000000000096FFBC21160000
000FF0CFFA5EDD09FFC5B7F3005A
00001A0AC0E2F317FFDC43D05607
000FFFFFFFFFDAC4FFC5A894F000
0000000C3020BF1BFFC03143020C
00000000056CF037FFC32E2D9E07
00007664C43EC076FFEE4DECC988
000000093908D7CEFFDE4013908D
000000007A370BAAFFCE35F46E17
0000000E2B37E44BFFE44362B37E
000000001E50D157FFC831F2868B
00000003FFD90E47FFD93CFFF644
000000000000023AFFC9288E8000
0000000000074DA1FFF34269B420
000FFE3766388B05FFBEB2E44CE4
000000000000000BFFCD27B00000
0000000000016D1FFFD632B68F80
000FFFFFFFFF5115FFE2B82EEB00
00000D9DC504E95DFFE04559DC50
0001FBCE795FC1E6FFF1507DE73D
0000000007E8BE7BFFB828FD17CF
000FFFFFFFFE541FFFE2B8D5F080
000FFFFFFFFB8802FFBAA58EFFC0
000001F793F8A6D5FFE3457BC9FC
00000000116ECA3EFFDC3B8B7652
000FFD170DEA0B02FFDAC13A3C85
000FFFFFFF93AE9FFFD2B3D8A2C2
000FFFFFFFFFB977FFE0B68D1200
00039731B37246D7FFDA4565CC6D
000FFFFFFFFFFFFDFFE3B1C00000
000FFFFFFFFFEDA4FFB7A112E000
00002C1E62E632CEFFC63930798C
000EF6E9E167BBD6FFBFB7048B0F
0000FCBE49AB29EAFFDD45FCBE4A
000207BA27D6442DFFEC4E01EE8A
000FFFFFFFAA9A1BFFE8BEAACBCA
000FFFFFFFFFFE98FFDDB2340000
000000000000FD28FFB923FD2800
00000000934DFD47FFB82B134DFD
000FFFFFD339E220FFE3BFB31878
00003D3BE91BC079FFE44874EFA4
000000000046418AFFCB300C8314
0000000004127E3FFFE43E824FC8
000FFFFFD69F60DCFFE9C2A5827D
000FFFFFFFFD9D8BFFBBA5989D40
00000744244CAAEDFFBA31E8848A
0000000000044C4AFFC32A098940
00000ED2BF418D4AFFBE346D2BF4
0000000000000001FFD429800000
000000003C391E39FFBB2BF0E479
000FFFFFFFFFFA3CFFC4A6B88000
00000000001D7E12FFE33B6BF090
00000000000232C2FFBE270CB080
000FFFFFFFFFFFFEFFF0B8000000
000FFFF9A060918FFFF3CA4BF3EE
0000000000000000FFBF00000000
000000000FA654D3FFD336FA654D
00003A7D28C69544FFD33FE9F4A3
000FFFFFFFFFFE1CFFC5A6720000
0003E2E63C2E33DAFFCB3DF8B98F
0000000000001E30FFDE34F18000
000FFFFFFFF9384DFFE0B8D8F660
000000010292F6D5FFE64281497B
000FFFFFFFFFF91FFFCDAB5C2000
000FFFFFFFFFE95DFFC4A7B51800
0000000000000000FFEF00000000
0000000008BE4656FFD9398BE465
000000000974DBB3FFC02D174DBB
0000000000000BAEFFC2263AE000
00000000064311ECFFB828C8623E
00000000001828F7FFC92E4147B8
000005C58228128EFFC838B8B045
00000055235DC76EFFD63DAA46BC
00000000D8E3E53FFFEF46D8E3E5
000000000000077AFFEA39EF4000
00000000002019A9FFCE310066A4
000FFFFFFFFFFFFFFFCDA6000000
000FC351EF14614DFFCDBCF2B844
000FFFFFF938319BFFE7C058F9CD
000FFF8A84DBF4AAFFE3C46AF648
000FFFFFFFFFFFF5FFDDAFB00000
00000F298394B4FEFFBB32F29839
00001D8A2F328F38FFC437EC517A
000FFFFFFFFFFFFFFFCDA6000000
000FFFFFFFFE7745FFECBDC45D80
000FFFFFFFFFA36CFFDCB4B92800
000FFFFFFFFFFFFEFFD8AC000000
000000000005050FFFBC26A0A1E0
0000000000017DB6FFC72B3EDB00
000FFFFFFF87F6EAFFBBA870122C
000FFFFE7043D1E5FFE5C247DE17
0000000D1A4FDF97FFEE4851A4FE
000FFFFFFFE016F7FFD9B67F4848
0000000000001DC8FFD5306E4000
000FFFFFE8DBBC20FFCCB3B9221F
0000000000000002FFC924800000
00000C2D8C417479FFCC3B42D8C4
000FFEB5F15EAB59FFE1C4250751
000FF41B484AC829FFE9C9BE4B7B
000FFFFFFFE00510FFD9B67FD780
00000EC107D391C9FFC2366C107D
000049FA9B933C39FFBB3413F537
000FFFFFFFFFFE82FFF2BCBF0000
0000000000CA6063FFEF42CA6063
0000000000000654FFF13D4A8000
000993734C3D7979FFC1B94D9196
000FFFFFFF99500CFFD3B44D5FE8
000FFFFFFFFFFFFFFFE4B1800000
000000000032FAC0FFEF41CBEB00
00000012A3FD8174FFC936151FEC
000FFFFFFFFF85B2FFC5A9749C00
00007F4DFACD3573FFC3387E9BF6
000FFFFFFEFEB5DCFFDEBA80A512
0000000000000003FFE633400000
000FFF8C0376AC07FFC3B467F913
000FFFFFF5E2ED50FFB9A9A1D12B
0000000000000001FFCE26800000
000FFFFFFFCA16DEFFB7A5D7A488
000FFFF4C8946D10FFBFB0B376B9
000000000000B22AFFC127B22A00
000016E57A82B7BEFFDF45372BD4
0000393B9C406B9DFFE04664EE71
000000D44C35CFABFFBD31D44C36
0000009D3E474685FFE7469D3E47
000D0B11CA68F517FFB8B43D3B8D
000000EA09281147FFE2446A0928
000FFFFFFFFFFFF3FFB89D500000
000000000000000EFFD32AE00000
000000000000926AFFE93B926A00
0000000000000001FFEF37000000
0000008C9B9EEF18FFCB388C9B9F
0000000000001E74FFF33F73A000
000FFFFFFFFFFF59FFD5ADA70000
0002D2ED792B4382FFF05034BB5E
000FFFFFFF33D88DFFC2AC4C2773
000EC51A7006D435FFDFC71D72C8
000FFFFFFFB4AD58FFDBB816A550
000FFFFFFFFFFFFBFFD3AA200000
000FFE0AB9F01091FFCDBA7AA308
000FFFFFFF6768C6FFE3BC98973A
0005701B7D63247EFFC73C2E0370
000FFFFFFFFFE604FFD0ADCFE000
000FFFFF009A201AFFC4B17F65E0
000EF94C82B0550BFFD4C18359BF
000FFFFFFFFE2695FFB9A46CB580
000004DEF3A7DCBAFFBC329BDE75
00005DC62DF0B9C4FFE247BB8C5C
000FFFFFFFF5978CFFD0B1268740
00000006F997BA4EFFEE47DF32F7
0000AA6C6CF0A1AFFFE4492A6C6D
0000000013E2C6A7FFC6309F1635
000FFFFFFFE6D780FFE3BB494400
000000000000048EFFB72011C000
000FFFFFFFD1A8CEFFD2B3395CC8
0006DB43CD32C5E0FFC93D5B687A
000FFFFF08FFAD48FFCEB6770053
000FFFFFFFFFF5A3FFC9A9A5D000
000FFFFFFFFFFFFAFFCAA5C00000
0000000135EB84A9FFD83B9AF5C2
000FFFFFFFFFD0C3FFE3B7BCF400
0000002FB7364B64FFC333BEDCD9
0000000000000000FFE500000000
000FFFFFFFFFFFFDFFC0A0400000
000FFFFFFFFF0E6BFFC4A9719500
000FFFFFFF3677F0FFE8BF498810
0000000000F82492FFF244782492
0000000E74007541FFB72CE74007
000FFFFFE12E661DFFECC3F68CCF
000FFFFFFFF72AFBFFD3B28D5050
000000032B4085D8FFB82C4AD021
000FFFFFFFFFFF89FFC9A76E0000
000FFDEBA55AA40CFFBEB30516A9
000FFFFFFD1FF08CFFEDC2B803DD
000FFFFFFFFFFFBBFFEAB78A0000
000000000018AE20FFC72D457100
000000000000000DFFEE38500000
000FFFFFFFFFC9B5FFB7A1D92C00
000FFFFFFFF92937FFE4BADAD920
0000008AFDFB7394FFD03B0AFDFB
00000CBB8FE07019FFE949CBB8FE
0000000000000DF9FFD22E5F9000
000FFFFC0675181FFFD5BAFE62BA
000000000000F724FFDE36772400
000FFFFFC8223E5BFFC2AF5F7707
000000000EF7E83AFFCE346F7E84
0000000000000009FFED37900000
000FFFFFFBB23E82FFCAB189B830
0000000000054CF9FFE239A99F20
000FFFFFFFFF3DA1FFD9B3C25F00
000000000005C4FBFFDB36389F60
000FFFFD4F69F6ACFFE0C02C2582
000E1801A968C099FFC9BC73FF2B
000000000000004AFFDB30140000
000FF6426597C778FFD3BE9BD9A7
0000671A97844B71FFDD454E352F
000FFFFF87009001FFC8B2F1FEE0
000001EDF024C023FFC234F6F812
000FFFFFE21E10B1FFE1BE6F0F7A
000FFFFFFFFFEFF7FFBEA4804800
000FFFFFFFFF5A75FFD2B0258B00
000FFF93E33EE878FFDBC0583982
0000006D24AD407BFFDA3FDA495B
00000000917AE1BAFFF147917AE2
000FFFBB535935F4FFD9BF09594E
0003A9D572CB5B01FFCF3FEA755D
0000000000000292FFE737A48000
000001C5E1385B41FFDA40E2F09C
000FFFFFFFFFE6B6FFCBAB4A5000
000003D1BECAD306FFCD3AF46FB3
000FFFD5DA40F9ADFFC0B22896FC
000FFFFFFFE59E0EFFCCAFD30F90
000FFFFFFFFFF4FAFFD2AE306000
0000000042F53C81FFE84285EA79
0000000000008029FFBA24002900
0000000000000000FFDC00000000
0000000000000042FFE836840000
00000000000004F3FFCF2C1E6000
000FFFFFFFFFFFFFFFCCA5800000
000FEBC46E90E2CFFFD4BFA1DC8B
00000000534022D4FFBD2D268046
00005CEB4FFD9F62FFB93339D6A0
0000000000000000FFC100000000
000FFFFFC1071C31FFE9C2FBE38F
000007D0EAD077EBFFC1357A1D5A
0000000000193165FFC32B498B28
000FFFFFE815BDD3FFEDC43F5211
000FFFFFFFFFFFFCFFE8B4800000
000FFD779E1DC8C7FFBEB3221879
0000009F02505C78FFF24C1F0250
0000000000000062FFF13B440000
000FFFFFE3556AF7FFBAAAE554A8
000FFFFF11895B46FFE0BF6E76A5
000FFFF9CB4022F5FFD9BD4697FC
000FFFFFFFFFE6A1FFC6A8CAF800
000F09E53154B541FFC3B8F61ACF
000FFFF0E318EBB7FFC0B171CE71
000FFFFFFFFFFFFDFFEEB7400000
000000000C2F99BBFFD83942F99C
000FFFFFFFFFFFFBFFE6B3A00000
000FFFAC5881D8F1FFE8C6A74EFC
0000000000003040FFCA2B410000
000FFFFCA74FB36CFFE8C4562C13
000FFFFFFF7DA024FFE8BF025FDC
00000006FC9900E7FFD63BDF9320
000FFFFFFFFFFFF9FFCFA8600000
00000000000017E0FFE1363F0000
0000000000000002FFD82C000000
000FFE4FE11D5DA8FFC3B5580F71
000FFFFFFFFFEC37FFE1B61E4800
000FFFFFFFFFFFD8FFBB9FA00000
0000000000000000FFE400000000
0000001E534062CDFFD13A729A03
000000036BAD1D04FFC934DAEB47
0000000000000017FFDB2F380000
000FFF503F7A943BFFBDB1AFC085
000FFFFFFF578755FFBFAAA878AB
000F9EA71A0E1A9FFFCDBD42B1CC
000000000000ED9BFFDD35ED9B00
0000004BD4F9034DFFB72E17A9F2
000FFFFFDA049265FFE8C217EDB6
00017A8AED6D3E1FFFD7433D4577
000FFFFF5AD3BE81FFD1B7A52C41
000FFFFFFF99C595FFEDC14C74D6
000FFFFFFFFFC95BFFDBB3DA9400
0000000000000001FFD027800000
000FFFFFFFFFFFFEFFEEB7000000
000113BE41F53C71FFD64289DF21
000FFFFFFFFCEB94FFE5BAC51B00
0000000000000852FFCA2A052000
000000C1B594CD95FFE04341B595
00080F7593775D71FFD2C1FE114E
000FFFFFFFFFCE4DFFD1AEC6CC00
000FFECBC8B89981FFDFC31A1BA4
0000000000920582FFC42D120582
000FFFFFFFFEAE5EFFD9B428D100
000FFFFFFFFFFFBFFFC1A3020000
000FFFFFFFFFDA4EFFEDBC96C800
00000007B881395CFFD53B771027
000003E7C421126AFFE144F9F108
00000000B299BF27FFC8333299BF
000FFFFFFFF901DEFFDCB6DFC440
000000002DDD3248FFD4383774C9
000FFFFAE0FC4F0FFFC7B423E076
000FFFFFFFFFFF0FFFE7B6F10000
00000000005F77E1FFDB383EEFC2
00000000028F75CBFFC52EA3DD73
0000000BEE643288FFD63C3EE643
000000000000002BFFC4242C0000
000FFFFFFFFFFECEFFCFAB190000
0000123BA846626CFFC33711DD42
000FFFDA7C946007FFE8C6160DAE
0000049AE77592DBFFCE3B935CEF
0000000000000003FFD329C00000
00000AA0F1084BCEFFD6402A0F11
00000B3F5A2A8502FFE04533F5A3
000FFFD38771A982FFE3C3B1E239
000000015FCCB46AFFCE36AFE65A
000FFFFFFD17BB2DFFB7A7BA1135
000000000001EC43FFC128762180
000FFFFD40A74CE7FFDBBDAFD62D
0000000000000001FFE431800000
000FFFFFFFFF637FFFD0AF1C8100
000FFFFFFFFFFFFAFFF1B9400000
000FEABB90BDD3B4FFEECCAA237A
000FFFFFFFFFFE4BFFEAB8DA8000
0000000000000018FFDD30400000
000FFFFFFFFF70E8FFEEBE0F1800
00000000000099EBFFEA3C19EB00
00000000000001F6FFCE2AFB0000
000FFFFFFFFFFFEDFFE2B2980000
000000006D5AC7D9FFC02EDAB590
000FCAEA45DE60F8FFEBCBD456E9
000000000034F6A8FFB82653DAA0
0000000000000501FFF13D202000
00002BF073BE5822FFD6412FC1CF
000002E4D02D7A78FFC83839340B
000000000000927DFFF240127D00
0000000174B3FA2CFFE240BA59FD
000FFFFFFFFFFFFCFFEEB7800000
0000000000000002FFEC36000000
000000000000000BFFE131B00000
000FFFFFFFFFF89CFFDAB1EC8000
0000048C8A2606DAFFD33E119145
0009EB33E5A0F685FFBDB7429983
000FFFFFFFFFFFE7FFB89DC80000
00000000003F811DFFB926FE0474
000000000A9D8A13FFCB32A9D8A1
000FFFFFFE6385ADFFE0BBCE3D2A
0000020C0CE1EEBDFFD23D030338
000FFFFFFFFFFECFFFF0BB988000
000000000000B39DFFF03F339D00
000FFFF51A9F0449FFC0B12E5610
000FCF17604BE034FFCCBC43A27F
000FFFE4122DAC64FFC6B4DF6E93
00000000000000B8FFB71EB80000
000FFFFFFFFFFAADFFE3B62A6000
0000000000000000FFBE00000000
000FFF0BEAA899FBFFDBC0F41557
0000000000003BA4FFD32FEE9000
00000000000000CDFFEA384D0000
00000000000936C1FFB724936C10
000000000027A363FFD5349E8D8C
000FFFFBCB6DBA44FFDCBE869249
000FFFF509DF6D47FFD3BAAF6209
000000000000E4B4FFD732E4B400
000FFFFEB07CF3C0FFB7AB27C186
000000000001E503FFEA3CF28180
000001622BB2FB8BFFD53E3115D9
000FFFFFFFFFFFD3FFD8AE340000
000FFFFFFFC140CEFFE0BA7AFCC8
0000000000000C14FFEA3A414000
00000000004543A8FFD1330A8750
000FF8B0FD8ACD80FFEFCC69E04F
0000000010291D6AFFC8318148EB
00000000C1B1F88DFFE943C1B1F9
0000000085EB0899FFCE3605EB09
00000000DDF781A8FFF0475DF782
0000000000000000FFE400000000
0000009901445342FFEC49190144
000000000079CF85FFCF32739F0A
000FFFFFEADA6414FFC3AF292CDF
000FFBF6E7217967FFCBBA01231C
000FFFFFFFFFD7C0FFC5A8A10000
000FFFF3BAFDA129FFE2C2445026
0000000000001A96FFF23ED4B000
000FFFFFFFCBBD7DFFBCA8510A0C
000FFFFFFFFFFFF9FFC0A0E00000
0000000000000050FFE635A00000
000FFFFFFFF3E714FFD1B1C18EC0
000FFFFF8D5A9A23FFF2C7E54ACC
000FFFC6EC771E76FFE0C2644E24
000FFFFFF66C9706FFBAAA193690
000FFF4CCBEEA871FFDDC1B33411
000FFFFFFFFFC866FFD5B0DE6800
000001D9D266280FFFEB496CE933
0000000000000005FFD82CA00000
00000000000000E1FFB81F610000
000FFFFFB6344B22FFBDAD13976A
0000000001977469FFCA30CBBA34
000FFFFFFFFFFFFDFFC7A3C00000
0000000000000001FFE934000000
000FFD9A069566EDFFD3BD997E5B
00000000000070B6FFD631E16C00
0000000000000005FFEA35A00000
000007ED9E60CF28FFEC4AFDB3CC
0000005554D71162FFBD312AA9AE
000FFFFFFFFD78A5FFE0B821D6C0
000000356B27B872FFC333D5AC9F
0000000000000000FFE400000000
00022B526F0097A9FFE54A8AD49C
000FFC871C484587FFE4C65E38EE
000FFFFFD48E6FB1FFE3BFADC641
000FFFFF3CB62DAEFFCFB6C349D2
000FFFFFFF0F0C97FFF0C370F369
000FFFFFFE75868AFFC2ACC53CBB
000FFFF3247912A5FFCBB6CDB86F
000FFFFFF924F830FFD0B4DB60FA
00000000000006F2FFD830DE4000
000FFFFFFFFF1440FFC2A86BC000
000000000000229DFFD02E0A7400
000000691C3DD73EFFCE39D2387C
000FFFFFFF953890FFE7BE558EE0
000000000000003EFFCD28F80000
0000000000002053FFED3C814C00
0000000000000001FFDC2D800000
000FBE5022683B41FFD5C1035FBB
000000016E538BADFFEA44B729C6
000E5F1FA2B179D2FFC0B7D0702F
0000087ABC8DEA41FFE94987ABC9
000FFFFF27B2961CFFD0B7584D6A
000FFFFFFFFFC4ABFFE3B7ED5400
000FFFFFFF3FF1CAFFCEB2400E36
000196DF69FB1BC2FFD7434B6FB5
0003C10B4288FAB9FFD341F042D1
0001C9C3F9C28642FFDD4664E1FD
0000000000002408FFC026102000
000FFFFFFFFFFE25FFEAB8ED8000
00000000000F51ABFFCB2EF51AB0
000FFFFFFFF9BECAFFCDAF4826C0
0000000000018E8CFFEC3DC74600
000FFFE0361FC2AEFFCFB97E4F02
000000592CC2C735FFCD39325986
0000AB700318ACBAFFED4DAB7003
000FFFFFFFFFFFD1FFD3ABBC0000
000000000000005FFFDF323E0000
000FFFFFFF0228BEFFD7B6FDD742
00000DA1915BCBC2FFD33EDA1916
000032FDB7C0AAEBFFB932CBF6DF
0000000E9989B8E6FFCC3769989C
000FFFFFFFFFFFFEFFD6AB000000
000000DBF9ED5D3DFFD43D5BF9ED
000FFFFFFE20F976FFB7A76F8345
000FD48116AFB80DFFDAC32DFBA5
000FFFFFFE935ADAFFD9B8365293
0005CBC5ACAC57E4FFDF483978B6
000FF0184E71955DFFD3BEFE7B19
0000001921BAB70CFFD039C90DD6
000FDF14256D6DF4FFE1C683AF6A
000FFFFFF9CA8BCAFFD6B7C6AE87
000FE2244ECE4E8EFFCEBCEEDD8A
000FFFFFFFFFFAE5FFD4AEA36000
000FF895F3FD4C46FFF0CCED4180
000FFF71DE3BF2BBFFE6C60E21C4
000FFFCDA7F6789EFFD4BC496026
000000000019BF3AFFE33B4DF9D0
000FFFFFFFFFFFF9FFF0B8E00000
0000000000027E39FFE83C1F8E40
000000000F8E0FB0FFF145F8E0FB
000FFFFFFFFFDBA7FFD8B2116400
000000000000ED79FFE2386D7900
000FFFFFFC05CEB5FFC4AE7E8C53
0000000000008342FFE539834200
000FFFFFE1B6F6B2FFC4AFF2484A
000FFFFFFFFFFDA0FFEEBB180000
000075AAD7DEE44AFFE3486B55B0
0000000000000237FFBB218DC000
000FFCBC1BE9AF9AFFDEC350F906
0000000001E7E6B6FFB92873F35B
000000000006F453FFEF405E8A60
0000000000001849FFE93A424800
0000000009AE063FFFB8291AE064
00000000000005BEFFD02CB7C000
000FFFC77EB9009BFFCBB7E2051C
0007AEDFEEA3C581FFC83CF5DBFE
0000005A11D61381FFD43CB423AC
000FFFFFFFFFF4F4FFD4AF30C000
000FFFFFFFFFFFFFFFEAB4800000
000FFFFFFFEF4F7BFFD4B3858428
000000000014070FFFC12A203878
000000000000000AFFBC1F200000
000FFFFFFFFFFFC6FFC6A5680000
000FFFFFFFFF1BCAFFC4A9643600
000000000000F02CFFC228702C00
000FFFFFFFFF21FBFFE7BADE0500
00000000FE3D9E68FFC12FFE3D9E
000FFFFFFFFFFFFDFFD0A8400000
000FFFFFFF4EF799FFC4AD310867
000000000051A2E6FFD836A345CC
000FFFFFFFFF38D8FFD0AF472800
000FFFFFFFFFFFFBFFC6A3A00000
000FFFFFFFFFEC70FFCEAC9C8000
000FFFFFF220238CFFBBAADDFDC7
0000000000000000FFE100000000
0000000000000001FFC522000000
00000000000002EEFFD22D3B8000
000FFFFC127735C8FFDCBE7B6233
000000047BAD9A1FFFB92D0F75B3
0000000000000002FFE030000000
000000000029EC31FFD534A7B0C4
000FFFFDA7F7180FFFD0B816023A
000FFFFFFFFFFFFCFFCDA7000000
000FC802B5F6F47BFFDDC4DFF528
000C4E2599B8682EFFEDCEEC769A
000FFF5A1EE29659FFD7BEA5E11D
000000000000000BFFE734B00000
000FFFFFFC4CF325FFC4AE6CC337
000FFFFFFFFFFFFCFFD7AC000000
0001C752B63CB1D2FFE34963A95B
0000000000000000FFDA00000000
000FFFE7B5BABC7DFFC0B1C2522A
0000000000000004FFEF38000000
000FFFFFFC013DDAFFBAA97FB08A
00000000001256B5FFE33B12B5A8
000FFE26023094E0FFC5B66CFEE8
000FFFFFFFF4C63BFFC7ACB39C50
0000000004A3DAA5FFEE43947B55
00000000016E2E94FFCF3337174A
000FFFFF68F8C046FFCFB6970740
000FEB3575B096C9FFE5C8265452
00020708A2B8E42DFFF15081C229
000FFFFFEF6F48E2FFE6C08485B9
000000000049AB25FFD43493564A
0000000000000204FFDF33810000
0000000000000007FFC121600000
000FFFFFFFD03551FFEABF3F2ABC
000FFFFFFFFFF5C5FFE5B7A3B000
0000012FB4534137FFD33D17DA2A
000FFD60A07F057DFFC2B527D7E0
0000000000000000FFD900000000
000FFFFFFFFFFFFEFFBE9F000000
0000060525C25021FFD23DC0A4B8
00000004C1D4C3C8FFEB46183A98
000FFFF5F0C7F320FFE4C320F381
000FFFFF7052CAC5FFDDBD8FAD35
000FFFFFFFFFFFFFFFD4A9800000
00000000000255F8FFE339957E00
000FFFFFFFFFFFFFFFE0AF800000
000FFFFFFFFFEF5BFFD2AE852800
000FFFFFFFFEB403FFEFBF25FE80
000FED8F35910462FFDCC3938653
00000001B42F023AFFD238DA1781
0000000000000008FFD129800000
00000001CD4BA73CFFEB4566A5D4
000016CAB09784A4FFB932365585
000FFFFFFFFFFFFAFFECB6C00000
000000007CC7754FFFDE3DF98EEB
0000000000000000FFC000000000
0000000000000008FFED37800000
000FFE26F9E07598FFC0B3EC8310
000FFFFFFF2791EEFFB9A7D86E12
000FFFFFF81EDCABFFBFAC7C246B
000FFFFFFFFFFFEAFFF3BB300000
00000004CA49F77BFFB82C99493F
0000000000000206FFE536818000
000FFFFFFFEC9EE2FFEABE9B08F0
000FFFFFFFFFFFFEFFBE9F000000
000FFFFFB6A6FED1FFDEBD92B202
00000000C42E6FA4FFBD2DC42E70
000FFFF1DC9F6646FFEDC7E2360A
000FFFFFA1668843FFD3B83D32EF
0000862E99F06B7BFFE147862E9A
0000007C829C143BFFD43CF90538
0000854143B9CB62FFE147854144
000FFFFFFFFF66B3FFEEBE194D00
000FFFFFFFFFD720FFCDACA38000
000FFFFFFFFFEBEDFFC1A6209800
000FFFFFFFFFFFFAFFC1A1400000
000000000000011DFFC9280E8000
0000000000000057FFDE31AE0000
000FFFFFFFFFFFFDFFE2B1400000
000FFFFFFFFFFFFFFFD4A9800000
00000000F485AA17FFD539F485AA
000FFFFFFF19B8CFFFC0AB664731
000FFFFFFFFE59A1FFDBB5532F80
000FFFFFFFFFC55EFFC2A76A8800
000005D11773228EFFE446BA22EE
00000002AB82D691FFEC462AE0B6
000000122122DC9AFFEF49110917
000FFFFFFFA01570FFBCA8BFD520
000000DF8217492FFFBB30DF8217
000B651966C46AA3FFE4CA935CD3
000FFFFFFA6307CAFFBCAAB39F07
0000000000000011FFDB2F080000
000FFFC628A7209AFFE9C6E75D63
000000000000001CFFCC27E00000
000FFFFFFF22C264FFC3ACDD3D9C
00088043126070D9FFDBC66FF79E
00000000064B3759FFC42EC966EB
0000000010A51309FFE33F052898
0000000000000019FFD92E480000
0000000006650696FFB9294CA0D3
000000000004EA8BFFC0289D5160
000000000FE77F52FFD738FE77F5
000FFFFFDEABA73AFFC0AE055163
00000000A415A374FFDA3C2415A3
0000000000000000FFCF00000000
000000000173CDDCFFC93039E6EE
000FFFBADD7834BFFFE4C48A4510
000FFFFFFFFFFFF2FFE1B1E00000
0000000000000036FFD82E580000
000FFD1087557E0AFFDAC13BDE2B
00000000B0498D7CFFED45B0498D
000FFFFFFE9FE780FFBFAB300C40
0000355FD5BE6150FFEA4B557F57
0000000000000E18FFF23E618000
0000000032893469FFC731CA24D2
0000000000000001FFC924000000
00000000000017A3FFE3373D1800
000FFFFFF3DBAB41FFEEC442454C
0000000000000000FFBA00000000
000FFFD09410D648FFCDB8BDAFBD
000FFFF93C73B1A1FFF2C9D8718A
0000000001932D5FFFD3354996B0
000C1AB1BE350434FFC3B9F95390
000FFFFFFFFFFF60FFCFAAA00000
000FFFFFFA184DBAFFD8B8BCF649
000FFFFFFFFFFFFEFFCCA6000000
0000004A2F8CD04EFFE042945F1A
0000551D4C5B8A92FFCB3C2A3A99
000FFFFFFFFF8823FFEABBEFBA00
000FFFFFFFFFFFFDFFE0B0400000
0000005A3EC0C6E0FFE645B47D82
00000000DF07E727FFD539DF07E7
000FFFFFFFFFFF52FFEBB8AE0000
000FFFFFFFFF8789FFCCACF0EE00
000000000000002CFFD62D300000
000FFFFFFFFFFFD3FFD7ADB40000
0000000000000007FFE734600000
000FFFFFFFFFFE84FFBEA2BE0000
000FFFFFFFFFFFEFFFD3AB080000
0000000044494548FFD63988928B
000000000661FADBFFF3464C3F5B
00000000000010ECFFD22E876000
000000000000000FFFD92DF00000
00000000000000EBFFBC216B0000
000000000365245BFFF345D94917
0000E4C19AF861A4FFCB3CE4C19B
000FFFFFAB3F76CBFFD5B9298112
000FFF2B07A97D21FFECC954F857
00000000000C967CFFE53BC967C0
000FFFFFFFFF9C12FFE6B9C7DC00
0000000000000711FFD12D622000
0000000000000000FFB800000000
000FFFFFFFE07174FFECBFFC7460
000FFFFFFFC7363CFFF0C2632710
000FFFFFFFFF9721FFE3B851BE00
000000000082EF94FFD53582EF94
000FFFFFFFFFFFF4FFBD9FC00000
000FFFFFF46266E0FFEEC439D992
00000000000076F4FFB7226DE800
0000000088FD1A80FFB92B88FD1A
0000000000000105FFC425828000
000FFFFFFFFD7702FFCEAF223F80
0000000000004E86FFEF3E1D0C00
0000CBC7FF093A12FFD6424BC7FF
000057944BB60A80FFE649AF2897
0000000000000014FFBA1EA00000
0000000000002591FFD731964400
000FFFFE46A03217FFDFBF5CAFE7
000FFFFFFFDC03B8FFBCA80FF120
000FFFF95EFC0058FFD5BB542080
000FFFFF6EE72440FFE3C09118DC
000000000000000DFFF039500000
000012E7B9BEA8CCFFEC4B973DCE
000FFFFFFFFE8184FFBDA63F3E00
000FFFF9A6F0B1A2FFE3C24B21EA
000FFFFFFFFFFFF2FFBB9EE00000
00000000000000BCFFD92FBC0000
000FFFE52DD2BCEBFFE7C556916A
000FFFFFFFFFFF06FFB79EFA0000
00000524841FF908FFDD43249084
000000068D18D1D3FFE643D1A31A
0000000000000010FFD029800000
00001D9AE837B46FFFB7316CD742
0000000000000CA7FFE537CA7000
000819D15EF86AE4FFC0B8FCC5D4
000000000038007FFFBC286001FC
00000BE68B96A1C8FFDE443E68B9
000FFFFFFFFFF9FDFFCDAB406000
000FFF857AF570FFFFD0BAF50A15
00000E109ED5FFB8FFCD3BE109ED
0000000003FB3F4DFFBB29FECFD3
00000005E0B299E3FFCA35BC1653
000FF6C1EE7795D9FFEACA13E119
000029E6A10B7E7BFFED4CA79A84
000FFEBC68314F51FFC7B721CBE7
000FFF1459CE632AFFE4C56BA632
00000000000005A2FFE537344000
000FFECE04C0FE9BFFCBB918FDA0
000000000002226DFFE43A089B40
000000000347B735FFDC3A51EDCD
000008BE7FCC5034FFD23E0BE7FD
0000000000000001FFBF1F000000
000FFFFFFFFFFFFAFFC0A0C00000
000000000035852DFFED40D614B4
000FFFDE5E5415FBFFF3CB8686B0
0000000000AAE1E2FFE63E2AE1E2
0000000000007B73FFCA2BF6E600
000FFFFFFFE45824FFCFB15D3EE0
0000000000000000FFE300000000
000FFFFFFFFFFFF9FFB89CE00000
000FFFFFFFFFFFF7FFEEB8100000
0000000000000000FFD400000000
00041A25DC41A6C3FFB8348344BC
0000000000000001FFCC25800000
0000000000000016FFD52C300000
00000651A933C30FFFEF4C4A3526
0000000003692C6BFFE13CDA4B1B
000FFFFFFFFFF8F5FFE7B8616000
00000000001932DEFFD9364996F0
00000003F59CFC51FFBC2E7D673F
0000000000001C97FFDE34E4B800
000000004D65442CFFCF361ACA88
000FFFFFFFFE7CE8FFC6AAC18C00
000FFFFFF5745893FFD3B6A8BA77
000FFFFFEF803E72FFEFC503FE0C
0006039ED2136F4EFFD1414073DA
0000000000CA5401FFD937CA5401
0000000000000000FFCB00000000
000000000001AD92FFCC2DD6C900
00000002D57BB01CFFEE47355EEC
000D38ED0400B22EFFB8B431C4BF
00000000000077CEFFE5396F9C00
000FFFFFF7DDA408FFECC30225C0
000FFFFFFFFFA9EBFFD0AEAC2A00
000FFFD21B824871FFF2CB3791F7
0000000000000010FFDA2E800000
000000237BEED9D7FFB72D8DEFBB
0000000224DB16FCFFC8340936C6
00000000122DA6B0FFCD34116D36
000FFFFFFFFFEC98FFEFBD1B4000
000FFF2D58A38B31FFE4C552A75C
000FFFFFFFFD6EFFFFE9BCA44040
000FFFFFE3D4CD27FFDDBC615997
000FFFFFFFFFFFFFFFF0B7800000
000FFFFFFFF3723AFFEABE48DC60
000000000000004EFFBF221C0000
0000000000000002FFC321800000
00000000000726D0FFC42AE4DA00
000013AA402FFEFCFFCB3B1D5201
000FFFFFFFFFFF91FFBEA1DE0000
000FFFFFFFFFF379FFE9B9C87000
000FFFFFFFFFFFF9FFD8ACE00000
0000000000000000FFC200000000
0003F5D9B4626C55FFDF47FD766D
000FF4D5E1D30E5AFFD7C0B2A1E3
000FFFFFFFF716D2FFCAAE0E92E0
000FFFFFFF88E512FFEABFEE35DC
0000000000003DCAFFBE25772800
000FFFFFFFFCE18BFFC0A8479D40
000FFFFFFFFFFF3FFFCBA8C10000
00000083505B578AFFC53583505B
000FFFFFFFFF21BFFFDEB65E4100
0000000294F2E2BCFFC130A53CB9
000FFE1F642CCD93FFECC9F04DEA
000F61231D2669DCFFC8BB1EDCE3
000FFFFFFFFFFDDFFFD8B0084000
000FFFFFFFC8A7BFFFF2C35D6104
000FFFFFFFFFFFCAFFC2A3580000
0000009F8C614841FFE6461F8C61
000FFFF98B2C0940FFEAC5CE9A7F
00000099405E4AFAFFDC4119405E
0000000000000000FFCC00000000
0000000000000393FFBB21E4C000
00000008EBEEF5E9FFE9458EBEEF
000FFFFC6FC12AFEFFC6B3640FB5
000FFFFFFFFF32CAFFDDB5CD3600
0000000000003201FFC227480400
00000045D1BA3C53FFC7360BA374
0000000000B733EFFFEE423733EF
0000002BB0CEE63CFFF34BAEC33C
0000000000000003FFCC26400000
000F874EEEB29E57FFE8CAF16223
00000000006FC283FFB9275F8506
0000F61E9B409A14FFD13FF61E9B
000000000006295FFFD131452BE0
00004D728BBBBB0FFFD9431AE517
000A81E28C57CBEBFFE5CB2FC3AE
000000000000009FFFF33C9F0000
0000000000001130FFE839898000
000D7F5970076DFCFFC1B8A029A4
000FFF863D705B85FFBAAFF3851F
000FFFFFFFFC1154FFBAA57BAB00
000000000000BDD2FFF2403DD200
0000000A461BB2C2FFD73CA461BB
000000000004D756FFBC269AEAC0
000FF945118F84C9FFBEB3D75DCE
0000145DC1164359FFD33F22EE09
000FFFFFF4B9DE49FFC3AEB4621B
000FFFFFFE14E93CFFD3B5758B62
000FFFFFFFFFFFFFFFF0B7800000
000E00CB1DF01311FFF2D0FF9A71
000000177F3F1CD0FFE7453BF9F9
000000006DCF3B69FFBC2CDB9E77
000000648198A49AFFC133490331
0000000000E36E64FFEE42636E64
000FFFFFFFFFFFE9FFBEA0B80000
000FFFFFFFFFFFFFFFB99C000000
000000002D729298FFB729B5CA4A
0000000000000007FFE533600000
000FFFFFFC2BACF0FFCDB2F514C4
0000000AE094087CFFDC3F2E0941
0000062340D04F51FFDC42C4681A
0000000000000003FFC422400000
0000000000029F42FFD43227D080
0000000000000006FFBC1EC00000
000FFFFFFFF51C92FFCFB0AE36E0
000FFFFFFFFFFC70FFEAB9640000
00000000006CC1E1FFC82ED983C2
000000000001AF09FFD632D78480
0000FC960A48C752FFE74AFC960A
000FFFF47D376232FFD7BCB82C8A
0000000001DFB0B7FFC12C6FD85C
000FFFFFFFFFFFD7FFD0AA240000
0000001AA0D247FAFFC735550692
000FAD37A50FA789FFD5C12590B6
00000000001715D5FFEB3F38AEA8
000000012AC01730FFBE2E95600C
000FFFFFE332BF84FFE7C1666A04
000FFFFFFFFFCE9BFFCFADC59400
000FFFFFFFFFB312FFCDAD19DC00
00000000001DB1A3FFE43BED8D18
0000000000000094FFE334940000
0000000000000031FFE936C40000
000FFFFFFFFFFFFCFFD6AB800000
000FFFFFFFFFFE8EFFD7AF390000
000FFFFFFDB35ADFFFDCBA132948
000FFFFE1F46740EFFD4B9F05CC6
000FFFFFFFE6CC53FFCDB0499D68
000F6994FFF6203DFFC3B8966B00
000FFFFFFFF46709FFC0A9398F70
0000002A9FB98776FFD63D2A7EE6
0000000000000004FFC523000000
0000000082A8EBD4FFDD3D82A8EC
0000000000000000FFD300000000
000000000001DD40FFE73B6EA000
000FFFEE2DAFD7FDFFDCBF8E9281
000C278B79834BF5FFC9BCF61D22
000FFFFFFF7532EDFFC7AE8ACD13
0000000000003CA0FFC92AF28000
000FFFFFFFA301DDFFDEB9B9FC46
0000327194ED3BF3FFE548C9C654
000FFFFFFFFE9C9AFFF3C131B300
0000000793E4998DFFCE37F27C93
000FFFFFA51E71D4FFF0C6B5C31C
000FFFFFFFFF7367FFE0B70C9900
000FFFF8C91B94C9FFD6BBE6DC8D
000000040F781409FFE34201EF03
0000000000000006FFB91D400000
000000000000000BFFE131B00000
0003B7155A5F3AFBFFEC4E6DC557
0000000000000005FFEA35A00000
00000000000326AFFFD83449ABC0
0000000000000657FFC7284AE000
000FFFFFFFCD74A0FFE2BB4A2D80
00000000141FCB22FFE94220FE59
0000000000000000FFEC00000000
00000179538E1501FFCA38BCA9C7
000FFFFFDE593B28FFCBB3869B13
000FFFFFFEE6CD16FFCEB28C9975
0000000000018361FFE13841B080
00000FFC1ABEE693FFCC3B7FC1AC
000007B9F90CD800FFD03CF73F22
0006F715D424348DFFBA35DEE2BB
000FFFFFFFFFBCC9FFCEAD866E00
000FFFFFFFFFA34CFFC8AAB96800
000FFFFFFFFC9F1DFFD1B0D838C0
0001078BF200A9D1FFD24083C5F9
000FFFF72BDACE50FFB9AD8D4253
0000000000030CF0FFC72BC33C00
000116CBFB9E9B98FFC0378B65FE
0000000000000D95FFCE2C595000
000FFDC9D69D6F71FFE2C50D8A59
000FFFEC1885E635FFE3C31F3BD1
000FFFFFFFFE462DFFC1A85CE980
000399B6078B4F6FFFC339E66D82
000FFFFFBC694704FFE1BF072D72
00000000000558FEFFBB262B1FC0
000ED9A5C431B6BFFFD8C3932D1E
0000002BBB4F6474FFDA3F2EED3E
00000000017CD6CEFFBF2B3E6B67
00000000056C97C0FFCE33AD92F8
000FFFFFFFFBF554FFDFB8015580
000FFFFE2AEC8C01FFDBBD6A89BA
000FFFF6DBE58FB9FFE4C31241A7
0000000C215C3D22FFCB36C215C4
0000004819338BC8FFD53D103267
0000000003F25DC3FFEA417C9771
000FF81888A6D685FFBDB37CEEEB
000FFF064BE7C592FFF1CBF9B418
000FFFFFF3B2D8B7FFDCBB44D275
000FFFFFFFFFFFFFFFB79B000000
00000000064F0FBEFFC830C9E1F8
0000000000000000FFB700000000
000FFFFFFFFFE857FFEFBD3D4800
000FFFFFFFF65F6AFFE1B99A0960
000EF07B4AFE09C9FFD8C387C25B
000FFFFFFFFFFFFFFFEFB7000000
00000000000008ABFFBD238AB000
000FFFFFFF1C7185FFDFBAE38E7B
000000AAAA21C250FFCC392AAA22
00000000000098FFFFD93398FF00
000FFFFFFFFFFD93FFDDB29B4000
000FFFFFFFFFFFA5FFD0AAB60000
000FFFEE64CC2C9CFFB7AD0CD99F
000F3237BEC19B35FFD8C34DC841
000FF4FAB5151614FFBEB43054AF
000FFFFFFFFFFED5FFBBA1158000
000247994DCB606BFFBA3511E653
000FF146396B7F1CFFEFCCEB9C69
0000000000095502FFD734955020
00000001795361A5FFE1403CA9B1
00000000001D96EEFFF041ECB770
000D19AB832918EFFFBDB6B9951F
00000001E2659D3EFFC7337132CF
000FFFFFFFFF2044FFEDBDDFBC00
000FF86C53A847D6FFCFBC72758B
000FA4CAF0DA481EFFEECDB66A1E
000FFFFC63FB26CEFFCFB7E70136
000FFF2DFEDC8414FFECC9520123
000FFFFFFFFFFFA4FFBEA1B80000
0000000000001F96FFBC23FCB000
000FE1B81654FB4FFFDCC3F23F4D
000FFFFFFFF9AD78FFC0A8CA5100
00000442F868385BFFBF34085F0D
000FFFFFFFFFFE88FFCDAA3C0000
000FFFFFFFFFEE1DFFB8A18F1800
000000003B482784FFB92AED209E
000000000000001EFFEF39700000
000FFFFFFFFFF579FFC8A9287000
0000000000002804FFEA3B201000
0001FCA1E33F5522FFD843FE50F2
000FFFFFFDD7CCB8FFE9C08A0CD2
0000000000000001FFEE36800000
0000000D57AAA668FFCF38D57AAA
00000046ED245E92FFBC308DDA49
000FFFFFFAA98493FFCDB32ACF6E
000000000000307CFFE93AC1F000
000FFFFFFFE25789FFF0C1ED43B8
000FFFFFFCDC83B0FFD1B4C8DF14
000FFFFFCC83709BFFCCB44DF23E
000000002DD6FEB4FFCB33B75BFB
000FFFFFAB0AD186FFDCBCA9EA5D
000000000000199DFFE236CCE800
0000000000025060FFF040141800
0000000000462C43FFF2438C5886
000FFE538D61339EFFEAC8D6394F
000FFFFFFFFFFFFFFFC1A0000000
000FE3EDB931E38FFFDAC2E09236
000FFFFFFFFFF9A6FFBEA3CB4000
00000000000000F1FFE535F10000
00000705FD0004CEFFD33E60BFA0
0000018E7B0B2E0FFFEE4AC73D86
0000000000000E90FFC125E90000
000BA4127E90CCCFFFD5C30B7DB0
0002906B98ECBC5EFFE048241AE6
0000000000000A1AFFC22621A000
000000000000911AFFCB2C911A00
00053B2A3FC09A83FFF151276548
000E1C9CBA65E851FFCFBF71B1A3
000FFFFFF21021B4FFCBB2DEFDE5
0000000050E7A945FFD438A1CF53
00001277224872FDFFC83993B912
00000000088D9998FFE53F88D99A
0009B8C90542CD86FFC8BCC8E6DF
000FFFFFFFFFFC76FFE9B8E28000
0000000000003AF7FFCF2DEBDC00
0000000000000000FFDC00000000
000000000860C435FFEB42860C43
0001C2C8CA668819FFBC35E16465
000000000000009DFFC3249D0000
000FFFFFFFFFEB6FFFE4B7A48800
0000000007D3C705FFDA39FA78E1
000FCCEBEA74AEC6FFBAB34C5056
000FFFFFFFFFFFFDFFDFAFC00000
000000001D65F18EFFEF456B2F8C
000FFFFFFFAD19CDFFBCA8A5CC66
00000000000000ABFFE736AB0000
0000000000000332FFD52ECC8000
000000FF12A547A3FFC6367F12A5
000F55F1CCAB4504FFD4C12A0E33
00000000001877E8FFE23AC3BF40
00001579679FFF3EFFBC33ABCB3D
000FFF4844544108FFC1B3B7BBAC
000000002290AA89FFE33F8A42AA
0000000000002AC3FFC6292B0C00
000FF890FEE26DE3FFC0B4EDE024
000FFFFFFFFFFFFEFFDBAD800000
000001AE69E43542FFBE32D734F2
000FFFFFFFFFFFFFFFDBAD000000
00000A37DBA72E88FFD13DA37DBA
000FFFFFFFFF2096FFC9ABDF6A00
0000000000189677FFE039C4B3B8
000FFFFFFFFFFE04FFE9B87E0000
000001BA5DF6813AFFE1445D2EFB
000FFFFFFFFFFFEFFFCAA6880000
000FFFFFFFFFFFFAFFC5A3400000
000FFF582E3AB118FFE2C427D1C5
000FFFFFFFE146D5FFE5BC75C958
000098B8737C9DFFFFB73298B873
000006FD5AF78DF3FFC7385FAB5F
000FFFFFFEA3812FFFC9B02E3F68
000FFFFE3AAB2F94FFEDC662AA68
000007E527641A13FFB830FCA4ED
000FFFF150BA29CAFFC8B56AF45D
00000000000D775DFFDA365775D0
000FFFFFFFFF0F71FFBFA6F08F00
000FFFFFFFFF1B4FFFC5A9E4B100
000FFFFFFFFE6D71FFD9B4494780
000E9C4874BD73F0FFEECEB1DBC6
0000000000000001FFD228800000
000FFFFFFFFFFFFCFFE7B4000000
000FFFFFFFFFFF94FFBEA1D80000
000000000001508AFFC52A284500
00000000EAA5833FFFEB44EAA583
00019D875240D3CAFFBD364EC3A9
000000019C31F7B6FFDC3DCE18FC
000005AE6CA5BC4FFFBF3435CD95
00000000022AAD51FFC9308AAB54
000000010EA2C87CFFCC35875164
000FFFFFFFD15802FFEDC0BA9FF8
000FFFB050F722F4FFB9AF1F5E12
0000279F618B2E9DFFDC441E7D86
00000000009C2C4AFFBA281C2C4A
000FFFFFCBEC2E20FFF1C6D04F48
000FFFFBBEB7F10FFFDBBE082902
000FFFFFFFFFFFF1FFD6AC700000
000FFFFFFFFFFFFBFFD2A9A00000
0000000000000A1CFFB720A1C000
000000000000CA54FFE2384A5400
00000000000071A0FFC428E34000
000FFFFFFFFFFFFCFFCDA7000000
000FD4B358C5FF47FFD6C12D329D
000FFD6265EC8BA2FFC7B7A76685
000FFFFFFFFF9871FFEABBCF1E00
0000000006FBD579FFCD335F7AAF
00001F03817383EEFFC437F81C0C
000FFFFFFFFFE699FFDDB44B3800
000FF84D1357BA44FFDAC1F65D95
000000000000006EFFDC30DC0000
0000001ED7C9E563FFD43BF6BE4F
000FFFE6E21551EFFFB8ADC8EF55
000FFC727AA04D09FFC4B6636158
0000000000003BE1FFEC3C6F8400
00000000DA983346FFF348DA9833
000FFFFFD2297F0FFFEAC3375A04
0000000127F1439AFFC13013F8A2
000FFFFFFE94B1DDFFC4ADB5A712
000FFFFFFFFE1EB7FFE4B9F0A480
0000000000000005FFBA1DA00000
0000000000A8F3CBFFC12BA8F3CB
000000016E8BD2B2FFBB2D3745E9
0000000000017FD0FFC82BBFE800
000000000018FD16FFC92E47E8B0
0000000000000000FFEE00000000
000FFFFFF3ED02DFFFB7A8C12FD2
000FFFFFFFFFFFFFFFC9A4000000
0000000000000000FFBD00000000
00000D8679BF0615FFEE4C58679C
000000000000A674FFC328A67400
0000000000000138FFC8279C0000
00000049545CAC7DFFBA2F92A8B9
00000007C3732732FFF149786E65
00000000002A7E69FFEB3FA9F9A4
000FFFFFFFFFFF97FFC7A6520000
0000000017F48987FFB92A3FA44C
0000000000000003FFD62B400000
0000000000000282FFC727A08000
000FC7EE19601229FFDBC3E0479A
0000000000003013FFDD34C04C00
000F9ED943D797B4FFF1CF424D78
000FFFFFFCF0CBC5FFF3C5C3CD0F
0000000021AF3B05FFC32F86BCEC
0000000000000000FFE300000000
0000000000000007FFDB2E600000
000FFFFFFFFFF81EFFECBAFC4000
000FF657851BD752FFC4B71A87AE
00000000000126F1FFD532137880
000FFFF622C5738CFFE3C29DD3A9
000FFFFFFDE90677FFD0B405BE62
0000000000000012FFCD28100000
000002B4C7E7A0A9FFBF33AD31FA
000FFFFC98F6A68AFFD1B8D9C256
0000001B8AB34502FFE9465C559A
000FFFFFFFE18EB2FFEABEF38A70
0000000000000000FFC900000000
000FFEA70EC72859FFC7B72C789C
0000000039B49D33FFC63166D275
0000000000000059FFDC30B20000
000FFFFCE18E19F5FFCFB7C79C7A
0000000000000001FFF339000000
000FFDB4E0C70890FFB8B012C7CE
000FFFFFFFFF0476FFBCA57B8A00
000FFFFFFFFFFFECFFBC9FA00000
000FFFFFFFFFFFD5FFCAA72C0000
000FB89ED696A540FFF3D00EC253
0000010D8FCD1C0CFFD94006C7E7
00001368138198EEFFC6389B409C
000018A934BF1904FFBB334549A6
000E894D4B96D53AFFCABCBB595A
000FFFFFFFFFFFFFFFDBAD000000
000000000000035BFFC325D6C000
00000199281DEC89FFDB414C940F
0009DCFDFA5EEBEEFFC8BCC46041
000FFFFFFFFFFA1AFFD8B0BCC000
000FFFFFFFFFE6DAFFD5B0493000
00000000000175D1FFDD363AE880
000FFFFFFFFC9985FFE5BAD99EC0
000FE05CC67A2FF2FFCFBD7D19CC
000FFFFEB9849FACFFCCB5A33DB0
0000000000000003FFD028400000
00000000029B59AEFFBA2926D66C
000000000001FAD5FFCE2EFD6A80
00054791A5EBF730FFE14928F235
000F94D65AE4F021FFC4B8D6534A
000FFFFFF4BABAC1FFF0C5345454
000FE966ECEE4649FFEFCD34C899
000FFFFFFFFA6FE7FFEEBFB20320
000FFFFFFFFE8B76FFEDBE3A4500
000FFFFFFFF9D79CFFD1B1450C80
000FFFFFFFFFFFFCFFEEB7800000
000CF6712B5AF1BEFFDFC7C263B5
0000493B1F163A99FFDB4412763E
000FF0642BF35246FFD3BEF9BD41
0000000000001468FFD02DA34000
0000012C6C5113F7FFF04B963629
0000000001103AB6FFCA30881D5B
000FFFFFFFEE7012FFC2AA8C7F70
000FFFFFFFFFFFFDFFEFB7C00000
00000000000C13F1FFEC3F413F10
000FFFFCFBF4C266FFB7ABC102CF
000FFFFFFFF72776FFDEB80D88A0
0000000000000003FFF239400000
0000000000001E9BFFD12E74D800
0000000000000000FFC200000000
0000000000000002FFD329800000
000FFFFFFFFFD8DDFFF2BF1C8C00
000FFFFF28BBCF71FFC9B3D74431
0000007B3C23B7FEFFCB38767847
000000000000000BFFEF38B00000
000F9503D03C045AFFB7B255F860
000FFFFFFFFBFAA0FFC9AD00AC00
000A3093DF9A3D4CFFC0B8B9ED84
0000000002825EC9FFEF43A097B2
0000FDC10958736CFFD742FDC109
00000000001B2179FFC62CD90BC8
000FFFFFFFFFFFFCFFC4A2800000
0000000000000019FFD62CC80000
000FFFFFFFFFFFABFFEEB9AA0000
00000000002A3944FFCA2F28E510
0000000000000083FFF33C830000
0000000010D29BBDFFE5400694DE
00000005688A81B0FFE3422D1150
000FFFFFEE128D6DFFF1C60F6B95
000FFFFFD6A49AD7FFD3B7A56D95
000000000000001BFFF23AD80000
0000B812DBFE7A07FFD6423812DC
0000000000018F86FFEE3EC7C300
000FFFFFFFFFFD68FFE6B7260000
000000000076DFDFFFB826EDBFBE
00000000000AD648FFD6342D6480
000000000006179FFFBE27C2F3E0
000FFE17C4A85C42FFC4B5F41DAC
0001A925FC680E5FFFC53A5492FE
000175A175813EAFFFC3393AD0BB
000FFFFE830EDB29FFB8ABBE7892
0000000ABDF2546BFFEF48ABDF25
000FFFFE559704F3FFB8ABD5347E
0000000000000000FFF200000000
000FFFFFFF89902BFFC0AAECDFAA
0000000000000130FFDB31180000
000FFFFFFFFED6F4FFF0BF948600
000000000000003DFFCC28740000
000FFFFFC69E143FFFDCBC6587AF
000001C249D55114FFB82FE124EB
000FFFFDF1499317FFCEB703AD9B
000000EE7BC9A0F9FFB82F6E7BCA
000000000000006FFFBA1FDE0000
000000000000459AFFC92B0B3400
000FFFFFFB671E39FFEEC3931C39
000C9FC9EB3BBBB4FFC9BCD80D85
000FFFFFFFFFFFA5FFC6A5B60000
000FFFFFFFFFFFCDFFD6AD4C0000
00003A53FFA5AE46FFC83A694FFF
000FF3C217179190FFF0CD43DE8F
000FFFF5FA754A74FFE1C1A058AB
000E7EEAFB9408E3FFD5C2408A82
000FFFFFFFFFFB1CFFF3BE1C8000
000FFFFFFFFFFFE1FFEEB8F80000
000FFFFFFFFFFC46FFCCAA6E8000
000FFFF3A150487BFFC3B2C5EAFB
0000000000078B43FFB824F16860
0000000000000005FFF038A00000
00000000000003A7FFED3AE9C000
000FFFFFE24B0116FFC7B16DA7F7
000000001709AA92FFE540384D55
000FFFFFFF87411EFFB9A7717DC4
000FFF77FD66E99EFFC4B5080299
000FFFFFFFFFF44AFFE5B7BB6000
000FFFF9101296CFFFE3C25DFDAD
000FFFFFFFFFFF08FFC8A7780000
00024A8ACBEB0053FFCA3D12A2B3
00000003F08CF0F6FFDC3E7C233C
000FFFFFFFFFD891FFD9B29DBC00
000000000000000BFFD92DB00000
0000B17EC3246E5FFFEE4E317EC3
0000000000000077FFBA1FEE0000
0000000000000045FFCC288A0000
000FFFFFFFFE7EADFFB7A340A980
000000000627E2BCFFBD2B44FC58
000000016969748EFFDF3F34B4BA
000FFFFFFFFE93BAFFC6AAB62300
000FFFFFFFFFFFFAFFC8A4C00000
00000000071E53AAFFC93163CA75
000FFFF7EB1DBF11FFBFB0814E24
0000000000000000FFEF00000000
000000A01446D550FFC435201447
000F180ED5CC381EFFE4C967F12A
00000000041612BAFFED4302C257
0000000054E89E8EFFC93329D13D
0000000000000000FFBD00000000
000FFFFFFFFFBA72FFCFAE0B1C00
000FFFFFFFFFFFFDFFC7A3C00000
0000000000000001FFD92C000000
000000000000D892FFD230589200
00000000001A9E9CFFD73554F4E0
000FF5A358FA4FEBFFD7C0A5CA70
000FFFFFFFFFFFF9FFD7AC600000
0000000000000000FFD900000000
000FFFFFFFFFFFFEFFE7B3800000
000FFCEEA9143F96FFD7BFC455BB
000FFFFFFFFFFC8FFFCDAADC4000
00000011C35FBB23FFDC3F8E1AFE
000000000000025CFFCB29970000
000000F8B071CB23FFD43D78B072
000FFFFFFFFE4CA0FFCFAF59B000
00000015E78319BBFFED482F3C19
0000000001FAA133FFF244FD509A
000119AC2C90A816FFEB4D0CD616
000000000000013AFFE9381D0000
000FFFFFC9BF4A93FFE9C2D902D6
00028185EBDD4B6CFFC23920617B
0000000000000001FFD128000000
00000000000009F3FFD42F1F3000
000FFFFFDD3ECC93FFB7A98B04CE
0000054C112C3572FFD740298226
000FFFFFFFCFE9C7FFEDC0C058E4
0000000000005A58FFCC2CB4B000
000FFFFAF8831FFFFFBFB020EF9C
000000000002BB4AFFCD2EAED280
000FFFFE3A5BF5A7FFDFBF62D205
000FFFFFFFFF0DC1FFD2B0723F00
000FFFFFFF5E6338FFC2AC219CC8
000000000FB75F5BFFC931FB75F6
0000000000000000FFE900000000
00000000000000B1FFDB30B10000
00000111037E31D6FFE1440881BF
000000000000007DFFE3347A0000
000FFFFFA16959D2FFE3C03D2D4C
000002B7F237BD38FFD23D2DFC8E
000FFFFFF2AE49F8FFE9C1D51B60
000FF08DA5ADFC3AFFEDCBF725A5
000000010485B9F2FFD53A0242DD
0001F2692B9B0F95FFE64AF93496
000000000302E7AAFFB928C0B9EA
000FFFFFFFA366F8FFEDC1393210
000FFFFDB123AC78FFDBBD93B715
000FFFFFFFFFFFF4FFC0A1400000
0000086682F41FB4FFC93986682F
000000B607761A2AFFDE42360776
00000E9B0D243FF5FFED4BE9B0D2
0000000000001D8BFFCC2BEC5800
000001084BFEB5F3FFCB390425FF
0000000000050AB0FFB724215600
0000000000143D1BFFC12A21E8D8
000270EAF7DC621EFFE74B9C3ABE
000F965F94D9E0A9FFEACBD340D6
000FFFFFF8160A53FFD6B7FD3EB6
000FFFFFFFFFFFDEFFC3A3880000
000FFFFFFFE87DDBFFC0A9BC1128
0000000000000000FFEC00000000
000FCE7E7E89AF4FFFD3BFC60606
0000000000000013FFDB2F180000
0000000000000008FFC021000000
000F81B90B60E302FFC2B7FC8DE9
000FFFFFFFFFFFFDFFEFB7C00000
000000000000002BFFC6252C0000
000FFFFFFFFCBE27FFC7ABD07640
0000000000000010FFCC27800000
000FFFFF1FB24D22FFC5B1E04DB3
00000000007F58C7FFD7367EB18E
000000000016EBE4FFC32B375F20
000FE609FF1114B2FFD5C04FB007
000FFFFFFFFFF452FFE7B8BAE000
000FFFFFFFFFFE3BFFC4A5E28000
000041741AB727D5FFBF3602E835
000FFFFFFFA144CDFFCBB03D7666
000FFFFFFFFFFE65FFE3B54D8000
0000000000000001FFEE36800000
00000000000F6DA1FFBE2876DA10
000FFFFFFFFFFFF5FFEEB8300000
000FF85DE20716C4FFE4C6F443BF
00000000000005B8FFC627B70000
00000000000001EFFFBE22F78000
0000000006DB321DFFEF445B6644
0000000000000001FFCF27000000
000FFFFEFA7AF45EFFEFC702C286
000FFFFF4D4C1FFFFFB7AAB2B3E0
0000030E6E2A3777FFD43E439B8B
000038ECD32DDC36FFD03E63B34D
000FE54ED2C3D73BFFD5C055896A
000000000009BEB8FFF1419BEB80
0000349456A62F14FFCA3B52515B
000FFEA372958541FFC9B82E46B5
0000000000000000FFCD00000000
000FFFE6DC9BC5B2FFD9BE491B22
000FF349A9F29961FFE7C8CB6561
000FFFFFFFFF2D39FFB8A352C700
000000DCCBEA2058FFC0335CCBEA
000FFA48BC42320FFFF3CE36E878
000000DD43DD9CC5FFC0335D43DE
000FFFFFFFFFFFE4FFD4ABE00000
000011F37FA675CDFFF24E8F9BFD
000FFFF8624BE09EFFE6C3F3B684
000FFFFDCE81858FFFDCBE0C5F9F
0004CE5E98F07FD2FFCB3E19CBD3
00000003BA1B093BFFCF37EE86C2
0009D7054C16EAAEFFE6CBC51F56
000000001DB3D721FFF3476D9EB9
00000000F2A4CDA7FFEE4672A4CE
00000000000001F9FFB81FFC8000
0000000B08D88363FFDB3EB08D88
0000023D688C35E5FFCA390F5A23
000ED6272643534FFFBBB514EC6D
000FFFFFFFFFFD70FFDCB2240000
000F9A174901CDA9FFC9BB4BD16E
000000000000001EFFD12A700000
0000000000019A39FFD7334D1C80
000FFFFFFFFFEF1EFFCAAA871000
000FFFFFFFFFFFFFFFD3A9000000
0000000000007BB0FFC82AF76000
00000000EDDAC0B4FFCD35EDDAC1
00066DBF10BF48D8FFD1414DB7E2
0000000000000002FFC522800000
00000000000CF888FFB724CF8880
0000003A7FF0E6A5FFF04A69FFC4
000000019252439EFFE240C92922
0000000000000014FFC624A00000
00000000008526E5FFE73E8526E5
0000000000000000FFD300000000
000FFFFFFEB3B971FFBDAA262348
000FFFFFFFFFF5ABFFC8A9255000
0000000000884484FFEE42084484
000000008A8C77A1FFE9438A8C78
00003CBBBAA165B2FFCB3BF2EEEB
00000000000E7CEAFFD533E7CEA0
000FFFFFF1D52A6FFFC9B1E2AD59
00000019DDE7B653FFE1424EEF3E
0000009D1E955AD7FFD53D9D1E95
000000016D1E1460FFE441B68F0A
000077271C70B2E5FFD7426E4E39
000FFFFFFFFFFB77FFF1BD112000
000FFFFF737CE75DFFEAC40C8319
000FFE5DD274F079FFBDB25116C6
000FFFFFFFC286FAFFD6B575E418
0000000004419F0AFFE03C8833E1
000FFFFFFFEEC02DFFC0A989FE98
000FFFFFFFFFFF90FFC6A5E00000
0000000000000003FFE633400000
000EA1A6F6D50DEFFFE2C8AF2C85
0000000000003982FFC026660800
000FFFFFFFFFFFCAFFDCB0580000
000FFFFE706CBDB3FFD6BAC7C9A1
0000000000DA9AC4FFD2345A9AC4
0000001AF5F1D062FFDC3FD7AF8F
000FFFFFFFFFFFFFFFC4A1800000
000000B5234EA242FFCF3AB5234F
000FFFFFFCA97875FFEFC3D5A1E3
00000000284EA367FFCC34213A8E
0000018D7139AC41FFB82FC6B89D
000FFFFFFFFFFE94FFC0A3B60000
0000000000000276FFBE231D8000
000FFFFFF116DEF0FFE9C1EE9211
0000000004463052FFBC2A88C60A
000FFFFFFFDD568EFFE9BE8AA5C8
000FFFFFFFFFFFE8FFE4B3C00000
000FFFFFFE35F825FFE9C06503EE
000FFFFFFFFF29D6FFECBD562A00
0000000000000003FFCD26C00000
0002FFD1A97D9EE2FFE74BBFF46A
0000007DCF3D5EF9FFDF427B9E7B
000FFFFFE78DA407FFBCABC392E0
000FC81DA5E91867FFBAB35F8968
000000091DAB4B35FFC43311DAB5
000FFFFFFFFFC943FFC3A7DAF400
000FFFFFFFF804BFFFC9AD7F6820
000005677821E969FFD53F2CEF04
0000000000000006FFDF30400000
0000000C1A3B8EB4FFF34AC1A3B9
000C139E8177C58BFFCEBF7B1860
000FFAB157EB23DAFFF3CE29D503
000FFFFFFFF833F5FFD6B3F98160
000000000000003BFFEE396C0000
0000000000000000FFD300000000
0000000000000000FFE700000000
000FF008C93AEC4FFFDBC2FF736C
000FFFFFF2D40BABFFC0AD52BF45
0000000000000000FFDF00000000
0001634F282AD395FFD14031A794
0000000009658126FFEF44965812
000001C7C34029CDFFED4A63E1A0
000FFFF3457434F3FFF2CA4BA8BD
000FFFFFFF2DCB7BFFCEB2523485
000FFFFFFFFFEBF5FFC3A7205800
000FFFFFFFFFFFF5FFDDAFB00000
000FFFFFFFCB0FA3FFC9AED3C174
00001C3A8EF002B1FFCD3C61D478
000FFFFFFFFFFFFDFFDAAD400000
000FFFFFFFFFFB31FFF1BD19E000
000FEE472F276E4DFFE0C58DC687
000FFFFF87989FF1FFDFBE70CEC0
0000000070019A75FFD237E00335
000007E01A6352DCFFC838FC034C
000FFFFFFFFFFFE8FFE6B4C00000
00000000000022DCFFDF358B7000
000000000007D271FFE63BFA4E20
000FFFFFFFFEE97AFFD9B40B4300
000FFFFFFFD29A1DFFBAA735978C
0001749B51CEB6CCFFE449BA4DA9
000FFFFFFFFFFFFFFFE5B2000000
000000006B52A5A7FFEF4656A54B
000FFFFFFFFFC98BFFD2AF59D400
0000000000000000FFE300000000
0000000C44E72D9DFFE644444E73
000000000000250AFFE337942800
000FFFFFFFFFFFE8FFC1A2400000
000FFFFFFB1F3A5CFFB7A81C18B4
000FFF4EB48AE8B8FFBEB2314B75
0000000000000007FFEB36600000
000FFFFFF7FD21C1FFBFAC802DE4
000FFFFFFFFE4ACCFFCAACDA9A00
000FFFFFFFFFFFFAFFEBB6400000
000000062117A328FFE1414422F4
000000000000004AFFF13B140000
000FFE31715AED88FFE6C6E74753
00000000040BF006FFDE3B817E01
000000000015B75CFFBA26ADBAE0
00000000000000DCFFE133DC0000
000FFFFFFFFFFDDAFFDEB3098000
000000310D6B22F8FFE745C435AD
000FFFFFFFFFFFFFFFF2B8800000
000FFFFFFFFFFFF9FFF2B9E00000
000FE941D3578ABDFFD0BDB5F165
000FFFB5906D719AFFBCB094DF25
000FFFFFFFFFE0ECFFF2BEF8A000
000006FA065F9D6FFFEA49DF40CC
000FFFFFCAA98C6FFFEDC4D559CE
000FFFFFFFFFFFF8FFC5A3800000
0000000000021F2DFFCE2F07CB40
000000000002626DFFEB3D989B40
000000000000D526FFDC35552600
000C274C2773E23EFFCEBF762CF6
000FFFFFFED5D1C5FFD2B495171E
000FFFFFFFFFFF56FFB99FAA0000
000FFFFFFFFF350FFFE8BB4AF100
0000000000000EF8FFC125EF8000
00000000000014DBFFDB3326D800
000FFFFFFFFFFFC6FFC7A5E80000
000FFFF30401D07EFFF2CA4FBFE3
000FFFFFFFFF8AC2FFD2AFEA7C00
000FFFFFF33941E2FFCAB24C6BE2
0000000000000000FFD200000000
000FFFFA82CC3BA3FFE2C1AFA679
0001AE88CFFC0BD7FFE449D74468
00000000F070688AFFDD3DF07069
000000011E5D82B0FFBA2C8F2EC1
000FF548357CCFCDFFC8B92B7CA8
00000007B7202BF2FFCD3776E405
000000000000A3D7FFC127A3D700
0000000000000002FFE030000000
0000000000044079FFBC26880F20
000FE6BCD5CA7CD6FFD2BECA1952
00000000BCA0878EFFE13FBCA088
000002E92D86783BFFBD32BA4B62
000000003EDE5F2FFFC22F7B797D
000FFF72FF7133CAFFC7B68D008F
000FFFE3688BC95FFFDDC064BBA2
000FFFFE17691C99FFCDB6744B72
00000000010E7DADFFCF33073ED6
00000CCFF5C730D7FFDE444CFF5C
000FFFFFFFFF0117FFCAAC7EE900
000F2BE37BA897B5FFC5B9D41C84
000000000000001DFFB91E680000
0000000000006E45FFDD355C8A00
0000000158EE6DF8FFB82BAC7737
00000000001D2395FFC62CE91CA8
0000000000015569FFDB352AB480
000FFFFFE2DD82F0FFBFAD6913E8
0000000000B8A4DDFFE13BB8A4DD
00056E7AA9B8B599FFDD472DCF55
0000000002857360FFC72FA15CD8
0000000000000000FFE300000000
0000000000000261FFC325984000
0001DE8FE592F7D2FFC53A6F47F3
000042BEF513182CFFDC44857DEA
000F72953F79867AFFC5B98D6AC1
00000001A395D71AFFCF3751CAEC
00000000031E214FFFE43E478854
00000001A3E8CFB9FFC02FD1F468
00000000E226F874FFF147E226F8
000FFFB230162834FFD6BD9B9FD4
0000000000001604FFD530302000
0000000000015593FFDB352AC980
00013396CB81EA54FFC73B19CB66
00000032A415D23AFFE142CA9057
000FB88A0B38BA12FFDBC40EEBEA
000FFFFF34C743B1FFF3C8CB38BC
00000005E364E846FFF249BC6C9D
000BD757CFE2C67CFFEACD851506
000FFF991A1C1C3CFFD0BACDCBC8
000000000000002EFFE132B80000
000FFFFFF111641AFFC5AFEEE9BE
000000000050F3E8FFE13B21E7D0
000FE80D34072401FFF2CEBF9660
0005BC6C0CF20909FFD342378D82
000FFFFC8C751A76FFE5C2DCE2B9
000FF81B25693A04FFCFBC7C9B53
000FFFFFFECE6285FFB8A798CEBE
000067CAD9275275FFD13F4F95B2
0000000000013CC5FFC3291E6280
000000000000077BFFF03CEF6000
0000022928B60127FFD53E8A4A2E
000068499E650D4AFFBB3450933D
00000000385532B5FFD538E154CB
0002412D609DEA35FFBA35104B58
000FFFF8D18D25AFFFE5C365CE5B
000000000000007AFFBE21F40000
000FFFFD2B13C51AFFD4BA353B0F
000FFFFFFFFEC00BFFE1B81FFA80
000FC96C002AC8EEFFC2B75A4FFF
00001C96E6B5BAB8FFE74964B736
000007E017638D9AFFEB4A7C02EC
000FFFFFFFFFFAB1FFC2A5A9E000
000F615904A0D79FFFC3B89EA6FB
000FF445B81BC985FFBEB43BA47E
000FFFFFFF1D45B0FFCEB262BA50
000F3C472155F5D7FFB7B2C3B8DF
0000000000000007FFD229E00000
0000040E554DB573FFE14501CAAA
000FFFFFFFF138D4FFDFB8EC72C0
000FFFFFFFFFACA1FFD4B0A6BE00
000F8D1B17E33B4EFFEFCE65C9D0
000000000017DFCCFFD7353EFE60
000FFFFFFFB2C428FFD1B31A77B0
00032D04379FE694FFCA3D4B410E
000FFFFFFFFFFFDBFFD3AB940000
000FFFFFFFF5847BFFEABE27B850
0000000000000000FFC800000000
000FA9257F304AE1FFD8C2ADB502
000000076FD1693AFFC9356DFA2D
0000000000014A7BFFBE26A53D80
000FFFFFFFFFBF58FFE5B9015000
0000002AA226711EFFD23B2A889A
0000000009952450FFEE44195245
000FFFF4CA593DF3FFC0B1335A6C
000FFFFFFFF2A4DEFFDCB755B220
0000000000000005FFC724200000
0000364B7C072EDCFFCB3BD92DF0
000FFFFFE5897B71FFEAC2D3B424
000FFFFF1C7E980DFFCCB5638168
0000000085FFC204FFE94385FFC2
000FFFE2FF6E2069FFB8ADE8048F
0000000000A50F3EFFD033250F3E
000FFFFFFFFF02E6FFC6AA7D1A00
000076D8B1798631FFD13F6DB163
00000186874FB410FFCB394343A8
0000337EF55DDF95FFB8324DFBD5
000FFFF7D5DCAD1FFFDFC082A235
000FE50957BC23D4FFD3BF57B542
0002033A88F64D34FFBA3500CEA2
000E49EAB761AE49FFEACCDB0AA4
00000007F33D642FFFDD3F7E67AD
000E4FB195FE0603FFD2C0D82735
000FFFFFFFF484E8FFDFB8B7B180
000FFFFEEA9DB015FFBDAE0AB128
0000000747E581A4FFD93D68FCB0
000FFFFFFFFFFFFEFFEDB6800000
000000004F044841FFBB2C1E0891
000000578C8BDB58FFEE49AF1918
000FFFFFFFFFFFFAFFE4B2C00000
000FFF2BDB65CA46FFD5BDD4249A
000FFFFFFFAAFCC1FFD3B42A067E
000FFFFE660CF757FFD9BC4CF984
000000CA41A23E0CFFE4454A41A2
000FFFFFFFFFFB8AFFD3AE0EC000
000F0C620540A2BEFFC8BB739DFB
000FFFFFFFFB6D3DFFC8AC925860
00000FAFF8883B6AFFDD43FAFF89
000000000000A191FFEE3E219100
00000000000000C3FFC123C30000
000FB8E603AF53B9FFE4C88E33F9
0000007607806C9FFFC1336C0F01
000FFE1E2C901EB0FFBEB2F0E9B8
000FFFFCD5900915FFEDC6CA9BFE
00071AF507AF3AD5FFE249E35EA1
00005B8C500C76D7FFD9433718A0
0000000000000000FFD800000000
000FFFFFFFFFFFFCFFE0B0800000
000000006656212EFFBF2E4CAC42
0000000000011B78FFED3E0DBC00
0000000000000B91FFE738B91000
000FFFFFFFFFC4E6FFD6B16C6800
000FFFFFFFFFC62CFFD1AEE75000
0000000000428682FFCD31050D04
000FDB461674CB12FFF0CE12E7A6
000FFFFFFFFFFFF0FFD5AC000000
000FFFFFFFFFA313FFC0A6B9DA00
000000001C8F0C3CFFDA3AE47862
0000000000000A85FFCF2CA85000
000FFF7D5800A05FFFE2C402A7FF
000FFFFFFFF47BD4FFD1B1B842C0
00000000174D7D0BFFEC43BA6BE8
000FFC6B326448C3FFDDC2E53367
000FFFC3D2E7F9EAFFF1CAF0B460
0000000012D90D9DFFEA4296C86D
0000000205B22173FFC432016C88
000000002C87235DFFD136B21C8D
000FFFFFFFFFF77FFFCFAC881000
0000029FF87B7118FFD23D27FE1F
0000000000000003FFDB2DC00000
000FFFFFFFFFFD45FFBAA12EC000
000063D129E0F3E7FFDA43C7A254
00000000000FAB0CFFE33AFAB0C0
000FFFFF29190FF6FFD4B956E6F0
000FFF35C9FF93ACFFD1BBCA3600
000FFFFFFFFFFFFDFFDBADC00000
00000000001493F6FFF142249FB0
00000003282E87B7FFE8444A0BA2
000FFFFFFFFFFFA9FFEBB82E0000
000FFFFFFFF213F1FFCAAE5EC0F0
000FFFFFFFFFFFE1FFF3BB780000
000018C4E1EAA5DAFFD33F46270F
000000000A1B2F74FFE23E21B2F7
000000000000039CFFE034670000
000F2B08198C6329FFD2C054F7E6
000FFFFFF310378EFFD1B5CEFC87
000FFFFFFFFFEDC2FFE3B711F000
000000001D95D54FFFEF456CAEAA
000FFFFFFFFFFF51FFC3A4AF0000
000FFFFFFFFFF603FFDBB29FD000
00065AB6EF490FEDFFDA45CB56DE
000FFFFFFFFFFFFAFFC6A3C00000
0000000000000006FFE231C00000
000AD255687A9ED6FFF0D0A5B553
00001B75BB5862E9FFDF455BADDB
00000000000F94C7FFBE28794C70
00000000000004A1FFEE3B942000
0000000000000000FFC600000000
000FFFFFFFFFF7A8FFCBAA858000
00000000106FB7EFFFDD3C037DBF
0000000003433195FFBE2B50CC65
00000000000005AFFFF23DB5E000
0000000000009004FFE93B900400
0000000E20CF74F4FFEF48E20CF7
0000000001A66894FFCB3153344A
0000162FBA5DA319FFDC43B17DD3
000F09BC969A24A8FFE1C7F64369
0000000000000146FFF33D230000
0000000000000000FFE700000000
000FFFFE506638A1FFBEAED7CCE4
000FC85DF3C82F42FFEECD5E8831
000FFFB8F335D9A3FFC6B58E1994
000FFFFFFFFFFFFFFFDFAF000000
000FFFFFFFFFFFE8FFE7B5400000
0000000000AA12DCFFF143AA12DC
000FFFFFFFFFF9B2FFD2ADC9C000
000FFFFFFD718F53FFCFB3A39C2B
000F0FD0CB5D0926FFF1CFF02F35
000000A8C00769A6FFCD39A8C007
000FFFFFDAB941F5FFEDC4951AF8
0000000000000000FFC000000000
0000000000000017FFC323380000
0000000000000001FFEE36800000
000FFFFFFFFFFFA8FFF1BB300000
000FFFFFFFF98318FFEEBFCF9D00
00001AC8BB31E8C7FFE7495645DA
0000203A4D8E10DFFFBD3480E936
00000000000698D0FFEF40531A00
000EF0BCEBE8438FFFD6C287A18A
000FF8B485A0A387FFEDCB696F4C
000F6DC4B05DE3A0FFF1CF923B50
0000000000005F20FFE83ABE4000
000FFE97990DA43BFFE4C5B43379
0000000000000112FFC727090000
000000007512BEA2FFD237EA257D
000006597F99F919FFCA39CB2FF3
000FFF39886A8A5DFFBDB1C67795
000FFFFE82DEC641FFDFBF3E909D
000FFFFFFFF3DDFDFFD8B5422030
000E741CB225DCC7FFEECEC5F1A7
000007736EF2178BFFE848EE6DDE
000FEF4C5B857DBAFFF0CD859D24
000FFD4CDD0B0D47FFF3CDACC8BD
0000000000000000FFF100000000
000FFFFFFFFFFFDDFFC9A68C0000
0000006A06CA4DD9FFC937540D95
000F994A3265D3E7FFD0BECD6B9B
000FFFFFFFCD59ABFFE4BC4A9954
00000000003BC0D2FFBE296F0348
000FFE6B6D140357FFE0C3CA4976
000FFFFFC936E9A9FFDBBBDB2459
000030B7A9827415FFE146C2DEA6
000000146A9D0BC7FFF34B2354E8
000FFFFFFFFFFFCBFFC9A6D40000
000FFFFFFFFFFFF0FFC9A6000000
0000000000000000FFE300000000
000FFFFFFF0EC747FFC6AE7138B9
000FFFFFFFFFF900FFDAB1E00000
000000000002078BFFBF2781E2C0
00000000A74696B1FFE240274697
0000000000000000FFD100000000
000000000000012FFFCB29178000
000FFFFFFFFD2D34FFE7BBB4B300
000FFFFF2C0FD2C9FFDEBE53F02D
00000003F9011385FFCD36FE4045
000000000000190CFFEB3B486000
00000000007DF87BFFE13B7BF0F6
00000CF10A97E096FFC0354F10A9
000FFFFFFFFFFF30FFC8A7500000
0000000000000015FFDE30A80000
000FFFFFF5E75A8CFFBEAC218A57
000FFFFFFFF656B6FFE1B99A94A0
000FFFFFFFFFE1ECFFB7A170A000
000FFFFDD135CEA9FFECC60BB28C
000FF95F848864BEFFC5B7540F6F
000FFFFFFE2E774EFFD0B3E8C459
000FFFFFFEE3FF00FFBCA98E0080
000000B50097583AFFC837350097
000FFFFFFFFFFFF6FFC2A2200000
00000000001CE63EFFB7256731F0
000FFFFFFFE34E94FFBBA7658B60
0000000000005321FFBA23A64200
000FFF7C845E622CFFE5C5837BA2
00004A12D9ED57A7FFD9431425B4
000FFFFFFFFF739AFFD7B28C6600
00000000000033B8FFDF35CEE000
0000000000000BD2FFD32EBD2000
0000006027F4E916FFCD39404FEA
00000000D7ADB126FFDC3D57ADB1
000FFFFFFFFFF482FFE4B737E000
00000000000001A1FFC727508000
000FFFFE88B3C66CFFC8B3BBA61D
000FFFFD8AC3FA97FFC1B09D4F01
000FFFFFFFFFBC4EFFBFA6076400
000000000C155BD4FFD135C155BD
0000000313595A48FFD63B44D657
0000000000000E3AFFE135E3A000
0000000966E23CDDFFC232166E24
000FFFFFFFFFFE29FFC3A56B8000
000FFFFFFFFEF447FFD6B285DC80
0000007BFE4C46BBFFB72E77FC99
000FFFFFFFF9E95FFFC9AD42D420
000FFFFFFFFFFFF5FFD3AAB00000
000FFFFA67822735FFDBBE330FBB
00000000076F5482FFC62FEDEA90
0000F98484B18B7BFFE248798485
0003C08608837872FFCC3E702182
000000008E6A3CCFFFEE460E6A3D
00000000BEFDDD8CFFC6323EFDDE
000000000000F2B0FFE63A72B000
000FFFFFFFFFFACEFFD8B0A64000
000E1F9A398F205FFFBCB5F032E3
0000000012FFD95EFFDB3B17FECB
000FFFFFFFFFF824FFF0BCFB8000
0000000000000002FFCE27000000
000FFFFF91F5F383FFE5C15C1419
000FFFFFFFFFFFFFFFEEB6800000
000FFFFFFFFFFFB5FFD5AD160000
000FFFFFFFF978ECFFC7AC50E280
000000F0B8880494FFE24470B888
0006D7EF67761197FFBA35DAFDED
000FFFFFFFE30D07FFD5B46797C8
0000000000000060FFCB28400000
0000000000000030FFB91EC00000
000FFD014EE084EFFFCCBA3FAC48
0000001EFEED8B9AFFCD3877F76C
000FFFFFFFFFFF93FFE5B55A0000
000FFFFFFFEA16B2FFE7BD2F4A70
0000000000000035FFC223540000
0001998C8C0B66E2FFE54A4CC646
000000000005A17AFFC82CB42F40
00000003429A7BF5FFC733D0A69F
00000065F3A5B3C7FFC1334BE74B
000FFF943B8D4EE9FFEBC85788E5
000FFFFFFFA8681DFFE8BEAF2FC6
000FFFFFFFECAC42FFE4BB9A9DF0
00003368FB025064FFEC4C4DA3EC
000FFF36EDF97C03FFCEBA491207
000FFFFFE8AB7EF2FFE0BDBAA408
000FC63D96E0A33BFFDDC4E709A4
0000000000001E4AFFDD34725000
000FFFFFFFFDB9B4FFEBBD919300
000FFFFFFFA1A82FFFCEB1BCAFA2
0000000372CC3572FFEF47DCB30D
000FFFFFFFC21527FFD7B5F7AB64
0000001AAC6869AEFFD039D56343
00001FA18752D8D9FFBD347D0C3B
000000662E3CD1C8FFEA47CC5C7A
0000000FBC3621B3FFDA3E7BC362
000FFFFC1BCA58F7FFDFBFF90D6A
000FFD6A7624EC35FFDBC1A56277
0001AEB7D907EE51FFDA44D75BED
000FAD7047660040FFB7B2251F71
0000008457A3CD02FFD23C0457A4
000FFFFFFFFFF6FFFFEBBA901000
0000000F28A5E911FFB82D728A5F
000FF47A63653B86FFE2C63859CA
000048520DD757D8FFD34010A41C
000003A1D6E13397FFCF3BE875B8
000FFFF27C3F1DECFFCBB6D83C0E
000FFFFFFFFFF4ADFFEEBC353000
00000000000000A1FFE837210000
000000000000008BFFCF2A8B0000
000000052D4019A8FFF048A5A803
000FF975D8B301BAFFD7C05144EA
000FFFFFFF8E17AAFFC5AD63D0AC
0000000001A48B95FFD033D245CA
000006E1C1035584FFDD435C3820
00000000025167B8FFBC2A1459EE
000FFFFFFFFF1430FFC8AB6BD000
00000001E8527CCEFFC431F4293E
000FFFFFF8A2A04CFFB7A86BABF6
000FFFFFEDCEAAF6FFC9B2118AA8
000092A42215ADE7FFBA3412A422
00051930BE961D81FFDD47232618
000FFFFFB4FADD50FFDCBC960A45
0000000000000213FFC22504C000
000FFFFFDADC3EDFFFF3C7948F05
0000000002556159FFB828155856
000FFFFFFFF8F939FFF3C260D8E0
000FFFFFEE87DB3CFFC2AE8BC126
000B92B4C1576D56FFBEB78DA968
000FFFFFFFFFFFFFFFBB9D000000
000000003ED2F983FFDF3DFB4BE6
000FFFC86BF7F10AFFD8BE5E5020
000FFF96DEE38961FFDBC0524239
000000000000000AFFC222200000
000E623736706FBEFFCBBD4EE465
000FFFD63B8D4A79FFC0B22711CB
000FFFFFFFFFE1CCFFD4AFF1A000
0007E0D8C752A227FFBD377C1B19
000FFFFFFFFFFE66FFD4ADCD0000
000FFFFFFFFFFFE6FFE2B2D00000
000FFFFFFFFFFFAAFFCAA7AC0000
0000000078001F20FFCD3570003E
0000000BAB25E963FFC734BAB25F
00000000000005CBFFD22DB96000
000000000000000DFFBA1E500000
000D1B96FE899845FFE3C9B91A40
000FFFFFFFFFDD5DFFC6A90A8C00
000000002C49E324FFDA3B31278D
000000000000D1E8FFC127D1E800
000FFC15106CF797FFD2BD7ABBE5
0009F3ADDA7AAE01FFC5BB418A45
000000007F04F5CDFFCC34FE09EC
0000000000000001FFE02F800000
000FFFFFFFFFFFFBFFBB9E200000
000FFFFFFFFFFE14FFC2A4F60000
0000014D491AEA8FFFEA48A6A48D
0000000000065975FFE33A4B2EA0
0000000000000059FFBC20B20000
00000000000006D4FFD9315A8000
000FFFFFFFFFFFFFFFEDB6000000
000FFFFFFFCA8A46FFD2B355D6E8
000000000000000FFFEF38F00000
0000000001944244FFC22CCA2122
000FFFFFFFFFFF83FFD1AB7A0000
000000000007B266FFC42AF64CC0
0000000000000F9CFFC728F9C000
00000000013F22CFFFE03B9F9168
000FFFFFFE0577E5FFBCA9FD440E
000FFA1D1CA2412FFFEFCC3C5C6C
0000000000128153FFE73D140A98
000FFFFFFFF887A6FFC5AB6F0B40
0000000000002826FFE93AA09800
000FFA243858B1B2FFB7B03B78F5
000000000000000AFFC322A00000
0000000000060D52FFDD3741AA40
000FFFFFFFFF006CFFCCAD7F9400
0000000000000014FFD82DA00000
000FFFA7CA7C0BE8FFDDC1306B08
000FFFFFFFC3CE3FFFCAAF70C704
00001AF838E8D781FFDC43D7C1C7
000000E20433228DFFCC39620433
000FFFFFFFFFFF4EFFDCB1320000
0001589385B4AB3AFFED4E2C49C3
000000000000000EFFBB1EE00000
0000007B08DF6836FFC3347611BF
000000000DBBBE60FFBE2C5BBBE6
00000000000036A8FFD12EDAA000
000FF1C33D36879DFFC2B663CC2D
000FFFFFF240363EFFDABA5BFC9C
0000000000AC24F1FFF344AC24F1
000FFFFFFCF5B555FFDEBB4292AB
0000000000000037FFF03A5C0000
000FFED83B66A3BBFFC4B593E24D
00000000000030A7FFD631429C00
000FFFFB73579051FFDABD91950E
0000000000004509FFC82A8A1200
000FFFFFFFCFC759FFC0AA40E29C
000FFD06940EF7EEFFC6B73E5AFC
00000345EF6B5B70FFE345D17BDB
0007AB00A72217A3FFCA3DF56015
000FFFFFFFFFF64AFFF1BD9B6000
000FFFFFFFFFC028FFDDB4FF6000
0000000182E971F4FFE03FC174B9
0000002E3643AD3AFFD23B38D90F
0000000000F41220FFC92FF41220
00000D2501F7EC9EFFE748D2501F
000FFFFFFFFFFFF9FFE1B1600000
00000002D6563A62FFE140B5958F
00000000024EA872FFDA3913AA1C
0000000000000005FFF239A00000
0000000000000000FFE800000000
0006B65EC4107483FFC038D6CBD9
000FFFFFFFFFFFFCFFE2B1800000
00000AD0C5EBC98AFFD941AD0C5F
000FFFFFFFE4767AFFF3C35C4C30
000002CE4D8AF562FFF14CB39363
000FF18A7070A030FFD2BE6758F9
000FFFFFFFFFFF0FFFC0A3710000
000FFFFE142AC232FFCDB675EA9F
000FFFC2FD22B838FFD4BC740B75
00000000000D835BFFD2325835B0
000FFFFFFFFFFF89FFEAB7EE0000
000FFFFF4C60E250FFD0B7339F1E
000FFFFFFFFFFEA2FFF2BCAF0000
000FFFFFDAD63D6DFFC9B294A70A
000FFFFFFFFEED6AFFCBAD094B00
000FFFFFFFEA725FFFD9B62C6D08
0000000054E4BF50FFCB3429C97F
000FFFFF9B3F66F3FFB8AAC98132
000FFFFFD88E8CA4FFD8BA1DC5CD
0000000000000000FFD500000000
000067E2D50E6E4EFFD03ECFC5AA
00000001EBB7903BFFF14875DBC8
000FF4B697DD0F7AFFECCB349682
000FFFFFFFFFF930FFD8B0DA0000
000003212AB57570FFC134C84AAD
0000000000000EA4FFC4276A4000
000FFFFFFFFE5994FFC9AC533600
0000044DDFDEE511FFE44689BBFC
00000000000002B3FFBA212CC000
000001D412A8B25EFFB72F6A0954
0000000002556EFDFFC52E955BBF
000FFFFF35382B6EFFD1B7CAC7D5
0000000000000711FFD931622000
000FFFFFFFFE4F9EFFBFA7583100
000FFFFFFFB6178FFFD9B713D0E2
000FDA041FFEFC6EFFBCB417EF80
000FFFFFFFFFFFD7FFDFB1A40000
000FFFFEA2267772FFD6BAAEECC4
000FFFFFFF055C09FFCBB0FAA3F7
000FFFFFFFFFFF99FFCAA7CE0000
000FFFFFFFFFFFECFFD3AB200000
000FFE52E6DB8487FFEDCA568C92
00000000000000FBFFF33CFB0000
0003A91669A5F0FBFFCC3E6A459A
0000000000000F8EFFE537F8E000
0000000000000000FFBD00000000
0000000000000002FFE733800000
0000000000061509FFD231C2A120
000FFFFFFD75DF31FFD4B6228834
0000000000000CF5FFD02D4F5000
000FFF91E4BE353AFFC7B65C3684
00000000000BD6F0FFCB2EBD6F00
0000000000000562FFBE23AC4000
00000383E28F99BCFFCA3960F8A4
000FFFFFFFFFFFE6FFE1B2500000
000017FF219E4EF3FFE5483FF90D
000FFFFFFFFFFFFFFFD8AB800000
000FFFFFFFFF261BFFBFA6D9E500
000FFFCE969EC44BFFEEC945A585
000FFFFFFFFFFE3DFFC4A5E18000
000FFFFFE3B67856FFCCB3E24C3D
00000000000662BEFFB7244C57C0
000000000003B673FFB8246D9CC0
0000687A91FBF30DFFD74250F524
000FFF8D02C53BE1FFE5C565FA76
000FF1E5375E5D2FFFD7C0E1AC8A
000FFFFFFFFFF505FFECBB2FB000
000FFFFFFFFFDFD5FFDFB580AC00
000031335864ED63FFBA3344CD62
000FFFFFFFFF9E6EFFC8AAC32400
000FFFFFFFF56B7CFFCEB0294840
000FFFFFFFC6FFE4FFF1C2E40070
000FFFFFFFFFFFFFFFCBA5000000
000FE75F725B1545FFEECCC5046D
0000000000000000FFCD00000000
00000000016C2FAFFFEF433617D8
000FFFFFFF9966B6FFB7A64D3294
000FFFFFFF339FBEFFC4AD4C6042
000000000002DD63FFBD26B758C0
000FF7A70C8729A1FFD6C0058F38
0000000000005DE4FFE93B3BC800
0000000003512225FFCB31D44889
0000000000003A5FFFE538E97C00
000000A4624687D9FFD83F246247
0000000000001025FFC025812800
0000000000001AEDFFDB33576800
000FFFFFFFFC5144FFEABD6BAF00
000000000B766D82FFBA2A3766D8
000FFE17DDE59FF2FFDFC374110D
00000000000001D4FFEB396A0000
000FFFFFFFEB41D3FFDDB825F168
0000000000000002FFD52A800000
000FFFFFFFFFFE98FFE7B7340000
000FFFFFFFFFF30AFFB9A1CF6000
0000000000000009FFBF20900000
000FEC5FFEEA5755FFE7C91D0009
00082B94C3B6DB4FFFD0C0FA8D68
000FFFFFFFFFFE7CFFC8A7C20000
0000000000000000FFD200000000
00000000D3B612FAFFBA2C53B613
000FFFFFFFE496ECFFDDB85B48A0
000FFFFFFFFFFFF9FFD2A9E00000
000FFFD4862DF079FFB8AE2DE748
000FF02BFBBCD29FFFCABA7D4044
000FFFFFFFFFFFFAFFC8A4C00000
000FFFFFFFFFFFFFFFBE9E800000
0000AA7C2523416DFFCB3CAA7C25
000EB13FA48035BBFFD8C3A7602E
000FFFFFFFFF2FDBFFEBBCD02500
000FFFFFFFFA4D5BFFE3BA3654A0
000FFFFFF3E38CCFFFEEC441C733
000FFFFEBBE72526FFD8BBA20C6D
0008B17EF3221A63FFE5CB69D022
00000000A05CE856FFEE46205CE8
000FFFAB0ECE95E5FFEAC7A9E263
000FEC2EE4F65694FFF1CE1E88D8
000FFFFFFFFFFFF4FFDEB0400000
000004D7F47C3631FFD03C9AFE90
0000000000000000FFDB00000000
0000000000811F68FFCC31011F68
0000000000001F19FFD02DF8C800
000EF1E5DD06F539FFEDCE070D11
000000000000001EFFB81DF00000
0000000000000000FFE400000000
000FF926136D2B23FFECCADB3D92
000FFFF50CD8314CFFD3BAAF327D
000FFF8B917439A4FFD8BEE8DD18
00000000000EF320FFD2326F3200
0000D8988EB30156FFE24858988F
0000000000000000FFD300000000
0000000000000004FFD129000000
000FFFFFFFFFA226FFD2AFBBB400
000FE886995A7EEAFFECCBBBCB35
0000000000012432FFDE36921900
00001C24A4D5BF34FFF04DE12527
0000000000000002FFF239000000
0000000076BB09EAFFC3306D7614
000000000000000DFFDC2F500000
0000000000000000FFD700000000
00000000000008DAFFD12D8DA000
000FFFFFFFE552ACFFC0A9D56AA0
000000000000002EFFBA1F380000
0000000000000000FFE500000000
000FFFFD151B3289FFEBC5BAB933
000F4776D99870ECFFD7C2B88926
000000000012D9C2FFBE2896CE10
000000000071C36EFFD836E386DC
000FC045B81D6C76FFBFB5FEE920
000FFFFFFFFFFCFEFFC3A5C08000
000000000000ADBDFFC0272DBD00
000FFFFC5DEF184CFFBBADE8843A
000FFFFC71CE176EFFBAAD638C7A
00009E42320E5CF9FFE1479E4232
000000000780CD46FFB9297019A9
0000000000000050FFE535200000
000FFFE2642206A2FFF1CA6CDEF0
000FFFA70C4D70B3FFEAC7B1E765
000FEE7300C26AE7FFDAC28C67FA
000FFFFFFFFFEC71FFD0AD9C7800
0000000000000001FFD92C000000
000000000002E6D7FFDD36B9B5C0
00000000000000FEFFD92FFE0000
00000D63AA871721FFD13DD63AA8
000FFFFFFFFFFFFFFFDEAE800000
00000000000682EAFFD935505D40
0001657D8D57AC30FFE34932BEC7
0000CBB2651C0FE4FFD4414BB265
00000000B16C2DEDFFC02F316C2E
000F9BBC64E69E6CFFE7CA488736
000FFFFFF90670A1FFECC2DF31EC
000FFFFFFFF837D3FFBDA77905A0
000FFFFFFFFACC0CFFC9AD267E80
00000368CD863549FFB930DA3362
000000007A3CED82FFEF467479DB
0000000000882E8CFFBB28882E8C
000000002193AD4CFFB92A864EB5
000666FBA8870245FFC63BCCDF75
00002DF036CB513EFFCE3D37C0DB
000FFFFFFFFFFDAEFFEAB9148000
000FFFFE072C89FCFFBFAF7C69BB
000EDDB784E7C618FFBBB511243E
000FFFFFFFFFF875FFEFBC716000
0000000085A6DF13FFBC2D05A6DF
0000000000000000FFE600000000
00000000000001ECFFCB29760000
0000000000000CCCFFE939CCC000
0000000000000004FFD42A800000
000FFFFFFFFE425BFFDAB4DED280
0000000000000001FFCF27000000
0000000000001804FFDB33402000
00000000D0B0B165FFC933D0B0B1
0000001B5253EA16FFD93E5A929F
00000000000029CBFFBD24A72C00
000FFFFFFFFFFF24FFCFAADC0000
00007F9F6A78D084FFEC4CFF3ED5
000FFFFFFFE6C6B6FFDCB7C9CA50
000FFFFDC7344466FFD9BC8E32EF
000FFFFFFFFFFFA9FFE7B62E0000
000FFFFFFFFC30EBFFCFAFF3C540
0000000000000110FFD82F880000
000FFFE3469594B6FFDCBFE5CB53
0000000000010D34FFD331069A00
000000003A3BA2CEFFDC3C68EE8B
000FFFFFFFFFFFEBFFBFA1280000
000000250E4B0937FFC93694392C
000000228AF672A0FFCE390A2BDA
000000194BDE81DAFFE7454A5EF4
000FD3BE177092A6FFCABB3107A2
000EB7064B9B8FFCFFE5CA247CDA
000FFFFFFFFFFFF2FFBFA0E00000
000FF581E837BC70FFCABA27E17D
000FFFEA6A2EC24BFFDBBF2CAE8A
00000000000002C5FFE134B14000
00001960DBA94171FFE94A4B06DD
0000000000000000FFE300000000
0000000000000000FFB800000000
00001F43499AEE71FFEB4B7A1A4D
0000007E675FB4C2FFF14B7CCEBF
0000000001606E8EFFEC41B03747
000FFFFFFFFFF9EDFFE6B7C26000
000008A04C29292AFFC8390A04C3
000FFFFFFFFFFE59FFC1A4538000
000000000000DB8AFFD6325B8A00
000FFFFFFFFD12D1FFEDBEBB4BC0
00000EEFE8667833FFEC4B6EFE86
00000601E9AEE88DFFD740403D36
000000000000000BFFEC37300000
00001AC2B5C1DD06FFEB4B5615AE
000000000278D1E8FFDD3A9E347A
000FFFFFFFFFFB06FFEFBC1F4000
0000000000CD7938FFC32CCD7938
000FBBA75264438EFFBCB488B15B
000B9E2F6536F313FFDFC80C3A13
000006A0FA2A128DFFBB32541F45
000002E9F401452DFFC335BA7D00
000FFFFFFFFFFAECFFE5B7228000
000FFFFFFFE0003EFFCEB0FFFE10
0000000000135F88FFDC379AFC40
0000000236249EE1FFCB358D8928
0000000000000025FFDF31940000
00000000000A3CBDFFC52BA3CBD0
0000000000007729FFE036EE5200
000FFDC81F0D7261FFC8B80DF83D
000FFFFFFFFFFEF6FFD4AD850000
000FFFFFFBBD6951FFD3B60852D6
000A31D20EFAB405FFDEC7B9C5BE
0000000000000032FFE434480000
000FFFFFFFF02126FFDEB87DEDA0
000FFB94BCEDF865FFE0C48D6862
0000000000000038FFC323E00000
000000000009A09FFFE93D9A09F0
00000002C6241A80FFE241318907
000F9087FC9BF7B1FFEACBDEF007
000FFFFFFFFF6E28FFDAB411D800
000FFCC1318EF143FFDAC14FB39C
000FFFFFFFCCAF66FFD8B64D4268
000C71DA5335AE92FFD9C4E3896B
00000151EFA9F68AFFEA48A8F7D5
000FFFFFFFFFFFD4FFDFB1B00000
0000000000000000FFD800000000
000FFFA101884A6FFFECC8BDFCEF
00000046B523902FFFE2438D6A47
000FFFBAECD9D3F8FFD0BA8A264C
00000000003F37E7FFEB3FFCDF9C
0000C4A724814F2DFFE04744A725
0000000000151EF6FFC32B28F7B0
000FFFFFFFFFFFFAFFCFA8400000
000000000000039EFFBA21678000
000FFFFFFFFDED64FFF1C084A700
00000000000000D2FFD02B520000
000D484165EC9E45FFDAC52DEFA7
0000000000000000FFC900000000
00027F2D16A117BFFFE54A9FCB46
000FFFFFFFFFFE16FFBFA3750000
0000000E981018EFFFC835698102
000FCB729E281C07FFD6C1523587
0000000843AEEC20FFE644043AEF
000FFFFFF87CF092FFB9A97061EE
0002C1926DACEFD0FFC73BB0649B
0000000000003E6FFFF23F79BC00
0000000489F1482BFFB92D113E29
0000000000000000FFF000000000
000FFFFFE152EBA5FFDFBD7568A3
000FFFDC60B3C6E6FFBDB08E7D31
000FFFFBDE637986FFF3CA043391
00005681FBED99F8FFC639AD03F8
000000000001CB5DFFDC35E5AE80
00000F77D1D14F10FFB831777D1D
000FFFFFFFFFFA47FFE4B6B72000
000FFFE567696B9CFFF1CA54C4B5
000FFB5E39FD8610FFBCB29438C0
000FFFFFFFFFFFFCFFC6A3800000
0000005B552090E5FFC233B6AA41
000001289FCA6A99FFDE42944FE5
0000000000000000FFEF00000000
0000000000000003FFC723C00000
0000000000001920FFC92A490000
000000000141AF63FFC12C20D7B2
0000000000002F1CFFC82A3C7000
000FFFFFFFFFFFD2FFC9A6B80000
000000000000E4B8FFD63264B800
000FFD85E7D9CD6EFFB7AF9E860A
000FFFFFFFFFFFEDFFEDB8180000
0000000000000000FFDF00000000
0000000032BC0FF8FFED44CAF040
000000000000000FFFD029700000
000000000026F5BDFFB7259BD6F4
0000000000000034FFE233500000
000FFFFFFFE7A2B5FFBCA7C2EA58
000006C037A47CD3FFC034D806F5
0000000000000DE1FFD6305E1000
000FFFFECEA6C698FFD9BC18AC9D
000000000000ABAEFFDC352BAE00
000FFFFFFFFFFDA7FFF2BD164000
000FFFFFFFFFEA5AFFD0ADAD3000
0000000468BCE987FFB92D0D179D
000FFFFFFFFFFF80FFEBB8800000
000000000002A5F8FFE138A97E00
000FFFFFFFFFE661FFE2B6CCF800
000FFFFF6B765D39FFCFB69489A3
000FFFFFFFF84858FFEABDF6F500
00025589A93E3A39FFEB4D95626A
0000000002829755FFCC3220A5D5
000FFFFFFFFFF79FFFCEAC061000
000FFFFFFFFF90C0FFD6B1DE8000
00000001BEB8099BFFE441DF5C05
00000019ABB7B7E9FFBF314D5DBE
000FFFFD5FF0CCA1FFE3C1A803CD
000FFFFFFFFFD9ADFFEEBD194C00
000FFFFFFFB33C6BFFD4B499872A
00000001596EE73CFFCD362CB774
000010ED2238E27AFFBC33876912
000000000001EEC3FFB723776180
000FFFD7D53A8882FFCCB820AB16
0000000004FEBC8AFFEE439FD791
00000000000000D9FFC827590000
00000140BDA53D01FFEB49205ED3
0000000000ADD781FFB726ADD781
0000000000000000FFD700000000
000FFFFFFFFFF171FFBAA268F000
0000000315C9299CFFBE2F45724A
000FFFFF7C020491FFC8B303FDFB
000000000007CF85FFDF3879F0A0
000FF975B27C296BFFBDB35149B0
000FFFFFCFAA473CFFD7B9C156E3
000FFF83DF2811D6FFBCB0F841B0
000FFFFFFFF629F6FFEEC01D60A0
000FFFFFFFFFCC24FFC5A8CF7000
000FFFFABD539A4CFFB8ACA8558D
000000000000D076FFBE26507600
000FFFFFFFFFEA41FFF3BF2DF800
000FFFFFAC1525ACFFE2BFA7D5B5
0000000000004A3AFFF03E947400
000FFFC9F12ED771FFD1BAD83B45
0000000000005E00FFDA33BC0000
0000000000000000FFE200000000
0000000000000000FFD300000000
0000004FC88F67C9FFE2439F911F
000000000000C78FFFBC25478F00
000FFFACCDAE6039FFBEB1A664A3
000000000000037AFFE335DE8000
000FFFFFFFFF0F33FFEABC70CD00
0000000000000CFCFFC0254FC000
0000000000017563FFC1283AB180
00000056A38F5436FFEC48AD471F
000FFFE188357E5DFFCBB773BE54
000000001801065FFFD136400833
00000000003CBC3CFFD735F2F0F0
000000000000021AFFD830068000
000FFFFFFFFFF4FFFFECBB301000
00000001A644474DFFEA44D32224
000FFFFFFFFFFFADFFC2A3A60000
000000000000003CFFCF29F00000
0000006FDBE201A4FFC233DFB7C4
00000000000000A3FFC827230000
000FFFFFEB8F8AC9FFEBC32383AA
000FFFFFD20B0F49FFBCAC37D3C3
000DFB1800B9DB64FFD2C1013A00
000FFFFFFFFDE753FFD8B4062B40
0000DEEEE45A98F6FFE74ADEEEE4
0000000000000612FFE537424000
0000000184667EE7FFBB2D42333F
000FFFFFFFFFF11CFFC5A7EE4000
000FFFF3D271D192FFD6BC42D8E3
000FFD33C7C78B7BFFCAB9330E0E
000FFD7C35614834FFEBC9A0F2A8
000FFFFFAE7014E3FFE4C0A31FD6
000000034100094EFFD73BD04002
000FFFF2430258F8FFE2C25BCFDA
000FFFFFFFFFFF92FFE0B2DC0000
000FFFFFFFFFFFFDFFCEA7400000
00000000000D75C5FFB825575C50
0000000000914C1CFFF043114C1C
0000000000000000FFF300000000
000FFFFF01F38562FFDABC7E0C7B
000FFFFFFFFCD98FFFB7A3C99C40
000000000001BC43FFC027DE2180
000FFFFFFFF68AFEFFD7B4975020
000FB9F13133D591FFE2C78C1D9E
000000000020D424FFEE41035090
000000ECA8698DB0FFC334ECA86A
000FFFF40D0E1D29FFD5BBBF2F1E
0000000000000003FFCA25400000
000FFFFFFFE607BFFFC9AE4FC208
000007E2D187423DFFEE4BFC5A31
000FFFFFFFFFFB88FFDFB40F0000
000FFFFFFFAFCBC4FFBDA9206878
000FFFFFFFFFFD96FFC3A59A8000
0000000000000046FFF13B0C0000
0009F4AACFC33101FFD4C2C16AA6
000FFF1B51AE1218FFBAB064AE52
0000000001C7B0ADFFEF4363D856
000000005D7873E4FFE641BAF0E8
000FFFD1D46FF025FFC9B6B8AE40
000FFF63A6E35783FFC9B79C591D
0000000000000000FFD900000000
000FFFFFFEE714EFFFC7AF0C7588
0000017ABF551F1BFFEA48BD5FAB
0000000000003F5DFFCF2DFD7400
0000000B26A22CDEFFC031326A23
00000D30B04279DBFFEF4CD30B04
000FFFFFFFFCDBADFFC8AC4914C0
000FFFFFCC37FFC0FFC2AF4F2001
0000002D0A1428E2FFED48B42851
0000000000000000FFCE00000000
000FFFFFFFFFFFFFFFBF9F000000
000001936F484946FFBA30C9B7A4
0001B68D40993D88FFDF475B46A0
000FF182A9CA07BDFFCCBB67D563
00000000A7B5AF77FFDD3DA7B5AF
00000000000000F7FFCB28F70000
000FFFFFFFFFFFFFFFBD9E000000
0000000000000000FFBC00000000
000FFFFFFFFFFFC4FFD6AD700000
000FFFFFFFFF7727FFDCB508D900
000FFFFFFFFFF541FFD0AD2BF000
000FFFFFFFFFFF59FFE4B5270000
0000000000000229FFCC2A0A4000
000000290BF23F5DFFE042242FC9
000FFFFFFD0D710CFFCEB33CA3BD
000FFFFFFC8D8D34FFE6BF5C9CB3
000FF278AEEAD08CFFC1B5D87511
000FFFFF212EFB2FFFC2B05ED105
000FFCF8B8118B9EFFEECB41D1FC
000FFFFD05459446FFEDC6BEAE9B
000FFFCD6C85E974FFCCB84A4DE8
00000000000000EEFFEF3AEE0000
00000000000000B1FFCE2A310000
0000000000000007FFE231E00000
0000000000000000FFE600000000
0000146CCD2E5790FFC236A36669
0000000000059228FFCE2FB24500
000FFFFFFFF887E8FFE4BAEF0300
0000377A67918076FFCF3DDDE99E
0000000000000E7EFFEE3C67E000
000FFFFFFFFFED71FFBBA3147800
000FFFFE2518801AFFC5B26D73C0
000FFFFFFFAEABBEFFECC0A2A884
000FFB8C06BAFC23FFF2CD8E7F29
000000F49C2D4DAAFFE445749C2D
000000000000156AFFF23EAB5000
0000000000000028FFE434200000
000FFFFFECECDDB5FFBEAC989912
000000000008C6EAFFE0390C6EA0
00000000000E59DAFFBF28E59DA0
000FFFFFFFFFFD43FFB9A0AF4000
0000002E404EECB2FFD33BB9013C
000FBC757857766FFFB8B287150F
0000000000064FE2FFD030C9FC40
000FFFFFFFFFFF5EFFF1BBA20000
000FFFFFFFFE9376FFC7AB364500
0000000000000000FFB700000000
00000000218FADF8FFE03E063EB8
0000071825181EF5FFDC42E304A3
00000000000694AFFFDD375295E0
000FFFFFFFFF1BB6FFE7BAE44A00
00085512DCF2307EFFDAC5F55DA4
000FFFFFFF118F75FFCCB16E708B
000C1C0861EE50BEFFD1C0F8FDE8
0000017A8AFD03C5FFEE4ABD457F
000FFFFF851DB37FFFEFC675C499
0000000000000032FFDA2F480000
0000BC4632E594A3FFC137BC4633
000FFFFFFFFFFFF9FFE3B2600000
000FFFFFAB4511E8FFD4B8A975DC
000000000022772EFFEC4009DCB8
000FFFF9FFCEAA5AFFC0B0C0062B
0000000092A0DE5FFFDF3E92A0DE
000FFFFFFFFFFFF4FFC5A3C00000
000FFF08B0EB608BFFDEC2774F15
000FFFFFFFFF39C8FFD4B1463800
000FFFFFFFF9ED65FFD4B2C25360
000000017BDE1A63FFEF473DEF0D
000FFFFFE0651EF6FFE2BEFCD708
00005E12353059A0FFF24FBC246A
000FFFFFB288FDD4FFCFB61AEE04
000000007AA888D7FFEA43F55112
000FFFFFFFFFFC3CFFE0B4710000
000000000000001EFFB71D700000
000000000000016FFFE536378000
000FFFFFFFFFD3F2FFDEB5303800
00000007DE84C010FFEE47FBD098
0000000005409BE9FFDD3B28137D
000FFFFFFFFF3CBEFFC3A8C34200
000FFFFFFD475AA5FFD4B62E2957
000FFFF004D5693DFFE2C27FB2A9
0000000000002BDEFFC2272F7800
0004B8983DD0E523FFE149171308
000FFFFFFF2C18EDFFDFBAD3E713
00000000651E3F1DFFBE2DCA3C7E
000FFFFFFFFFFFE1FFE7B5780000
000FFFFFFFFDA0EAFFEEBF17C580
000FFFFFFFFFFC96FFC5A6DA8000
0000000000000433FFD12D066000
000FFFFFFFFFE5A7FFC4A7D2C800
000F5CB308905130FFD2C0234CF7
000FFFFFFFFF7CDDFFEEBE032300
000FFFFFB7DA6680FFE0BE904B33
000000000000008BFFDA300B0000
000FFFFFFFEE2C17FFF1C20E9F48
000FFFFFFDDB5807FFC5AE8929FE
000FFFFFFFFD6D39FFE6BB24B1C0
0000000000000067FFBA1FCE0000
0000058FF7F49066FFD74031FEFF
000FFFFFC371CB97FFEFC5F238D2
000FFFFFFEDC4BFFFFF2C491DA00
000000000000006AFFDE31D40000
000FFFFFFFFFFFFFFFBE9E800000
000FFFFFFFFFF1C9FFB7A0E37000
0000000000000001FFC421800000
000B91EFF8D640EEFFC1B90DC201
000FFFFFFFFFCAB3FFD7B1D53400
000FFFD4EF72D6B6FFC6B52C4235
000FFFFFFFFFFFE4FFDDB0600000
000FFFFFFFFE18ACFFDEB6F3AA00
000003061E23C93CFFCE3B418789
000FFFFFFF803FD7FFCDB17F8052
000FFFFFFFFF2714FFC9ABD8EC00
0000000000000071FFBE21E20000
000FFFFFFFFFFFB0FFDBB0200000
000FDE8D708D79B8FFDDC485CA3E
000FFD22CCCF94F5FFDAC1374CCC
000FFFFFFEFB40ADFFEFC3025FAA
0000000034ABA205FFBA2B52AE88
0000369CA0A060F5FFF34FDA7283
0000066BE8A5B293FFDE43CD7D15
000FFFF4AA9826F2FFE1C1B5567E
00001152CC37BD6EFFE7490A9662
000FFFFFFFFCBD7EFFDFB7D0A080
000F09EBCBFBDA5AFFEBCCF61434
000FD6CE4C8E31A2FFE6C924C6CE
000FFFFFFC40418FFFBCAA6FEF9C
000FFFF04D173F2CFFD3BAFB2E8C
000000003DA30665FFE33FF68C1A
000FFFFFFFFFFFEBFFDAAEA80000
000000000063D66BFFD53547ACD6
000001FAF71FDEEAFFD9407D7B90
000000002F3A9C03FFE4403CEA70
000FFFFFFFE2F3C3FFE4BBE861E8
00001E63E8CD3E70FFC035F31F46
00000006DA136AD0FFD53B5B426D
0000000000007558FFE438EAB000
0000000000000331FFE335CC4000
00000000F8FD60D2FFEF46F8FD61
0000164E5B114C46FFBC33B272D9
0000000002D5C183FFCD32B57061
000FFFFFFFFFFCC7FFE6B74E4000
000FFFC8D90830C4FFC9B6DC9BDF
000FFFFFFFC1BC96FFD6B5790DA8
000000000000C10CFFF13FC10C00
0000000000000005FFB71C200000
00000000F632A98AFFD137F632AA
0000000003DD1EB0FFBF2BF747AC
000FFFFFFFFFFFF9FFE6B3E00000
000FFFD606D427A6FFECC827E4AF
00080880A2378782FFC5BB7EEFEC
000000000000003BFFD32BEC0000
00053ABB30DFA97EFFC63BA75766
0000000000F046BBFFBB28F046BB
000FFFFFF7D3C2F7FFF2C602C3D1
000000000000000AFFD32AA00000
000FFFFFFFFFFE62FFD1AC4F0000
000FFFFFFFFFFB63FFCAA993A000
00000000003F80D2FFDF39FE0348
0000000001FD3BB0FFC32D7E9DD8
000000000006BF3FFFBA25D7E7E0
0000000000003A5CFFC227697000
0000000000696412FFB72652C824
0000000000021B20FFF34186C800
000000001404B0D1FFD236A02587
000000000000000CFFCC27400000
000FFFFFFFFFFC38FFBEA3720000
000FFFFFFFFFFFFEFFE6B3000000
00000301A814D87FFFC134C06A05
0000000000000005FFE734200000
000FFF7C040DC2CFFFC9B783FBF2
000000000151BC79FFC72F28DE3C
000074B7433E0206FFDF46696E86
000000013C6EB556FFF2489E375B
000000000026417DFFBF299905F4
0000000531735038FFE442A62E6A
000FFFFFFFF2B5D4FFF3C2D4A2C0
000FFFFFFFD826FDFFF0C21F640C
000000000000002CFFE434300000
00024458E7F7C26AFFED4E91163A
0000000000000018FFC624C00000
0000000000116B99FFE53C0B5CC8
000FFFFFFFFFFFFFFFD5AA000000
000000000000007DFFD22BFA0000
000FFFFFF1CDC802FFD1B5E32380
000FFFFFFFFFFFFDFFC3A1C00000
0000000000006FFBFFEA3BDFF600
00000054A53274F3FFB92F294A65
0000000000005AA4FFB722354800
000FFFFFFFFFFFF1FFC7A4F00000
000000000B48EB49FFDA3A348EB5
0000000000000000FFF100000000
000000000003BDB2FFD130EF6C80
000000000017DDE2FFE53C3EEF10
00000004B0651593FFDD3F160CA3
000FFFFFFFFFFFFFFFBB9D000000
000FFFFFFFFFFFE1FFE4B3F80000
0000000000000001FFDD2E000000
0000F51E08C10175FFBF36F51E09
000000000000000DFFD22A500000
0000000000000000FFD700000000
0000000000000001FFD82B800000
0000000054C981CFFFC430A99304
000000000015BDDEFFC12A2DEEF0
000FFE4EB87BC294FFBCB1D8A3C2
000FFFFFFFFFFB85FFF1BD0F6000
000FFFFFFFFFFA52FFEEBBB5C000
0000000152B50D0BFFEC45A95A87
000FFFFFFFFFFFFFFFECB5800000
00009D95E6DDCCABFFD2401D95E7
000FFFFFFFFFFC58FFBEA36A0000
000FFFFFFFFFCFF5FFCAAB402C00
000397E42CC11139FFC93CE5F90B
000FFF43763A366FFFECC93C89C6
0000000003185B0BFFCF33C616C3
00001DB5840CB79EFFBF356DAC20
000FFFFE89B16D6BFFD6BABB2749
00000185497177E5FFD33D42A4B9
000FFFF1AC2E4AABFFF1C9E53D1B
000FFFFFFFFFFFF9FFD5AB600000
000FFFFEBDC23965FFDABCA11EE3
000FFFFFC1427CD6FFF2C77AF60D
000FFF0E28064FDCFFD0BB71D7FA
00000000A0E6C9E4FFEB44A0E6CA
000A17CD736B248BFFCEBFBD0652
00000025D9BFDFB6FFE4441766FF
00000DDFE89F1EC1FFBD33DDFE8A
000FFFFFFFFFFFBEFFDAAF840000
000FFE8176496FB7FFECC9BF44DB
000FFFFFFFFFFFFFFFD9AC000000
0000003A193987AEFFD83E6864E6
00000006A68D5CCDFFCE37D4D1AC
000FFFFFFF68A355FFC0AB175CAB
000000105C5605F3FFE64482E2B0
000FFFF6D11B6171FFEFC892EE4A
0001AA106AD79A68FFB833D50835
0000000000000003FFBC1E400000
00003242F23AD15DFFB932C90BC9
0000409C7C6AA7D8FFC4388138F9
000FFFFFFEC39AF3FFEFC31E3286
0000000000029DC6FFC92CA77180
0000000014AE99C0FFE640A574CE
000FFFFFFFFFFFEDFFBEA0980000
000FF281A00786FEFFC4B757E600
0000000000B6A521FFC72EB6A521
000000000000001AFFCC27D00000
00000000FA2F7F23FFC933FA2F7F
000000F4156CE20EFFDF42F4156D
0000000000000048FFC022900000
0003FAAB23B85D77FFB733FEAAC9
000FFFE8CFE448A4FFE8C5B980DE
000FFFFFFFFF57E8FFF2C0281800
000FFB672EC01897FFDBC2131A28
0000000000C82438FFBF2AC82438
000CBD4E3DD75E88FFE7CBD0AC71
000FFFFFFB5F0C27FFDBBA141E7B
000FFFFFFC567D50FFEDC2EA60AC
0000001520942E5EFFBC2FA904A1
000FB2DEE055447FFFEACB9A423F
000FFFDAF217FBC4FFC7B59437A0
0000011D65706F38FFC5360EB2B8
0000000000000B29FFBD23B29000
000018225E62BF09FFE447C112F3
